{"cameraMode":{"drawMode":0,"name":"Shaded","section":"Shading Mode"},"sceneLighting":true,"audioPlay":false,"sceneViewState":{"m_AlwaysRefresh":false,"showFog":true,"showSkybox":true,"showFlares":true,"showImageEffects":true,"showParticleSystems":true,"showVisualEffectGraphs":true,"m_FxEnabled":true},"in2DMode":false,"pivot":{"x":428.38140869140627,"y":222.51426696777345,"z":-1.3284553289413453},"rotation":{"x":0.0855807363986969,"y":0.05426959693431854,"z":-0.004682093858718872,"w":0.9948875308036804},"size":393.9246520996094,"orthographic":false}