{"cameraMode":{"drawMode":0,"name":"Shaded","section":"Shading Mode"},"sceneLighting":true,"audioPlay":false,"sceneViewState":{"m_AlwaysRefresh":false,"showFog":true,"showSkybox":true,"showFlares":true,"showImageEffects":true,"showParticleSystems":true,"showVisualEffectGraphs":true,"m_FxEnabled":true},"in2DMode":false,"pivot":{"x":638.1218872070313,"y":399.15216064453127,"z":-110.62750244140625},"rotation":{"x":0.004317868035286665,"y":-0.30615243315696719,"z":-0.00012086147762602195,"w":0.9521558880805969},"size":103.07764434814453,"orthographic":false}