{"cameraMode":{"drawMode":0,"name":"Shaded","section":"Shading Mode"},"sceneLighting":true,"audioPlay":false,"sceneViewState":{"m_AlwaysRefresh":false,"showFog":true,"showSkybox":true,"showFlares":true,"showImageEffects":true,"showParticleSystems":true,"showVisualEffectGraphs":true,"m_FxEnabled":true},"in2DMode":false,"pivot":{"x":6.398329734802246,"y":3.7647392749786379,"z":2.317180871963501},"rotation":{"x":0.10483160614967346,"y":-0.04892662540078163,"z":0.004064729902893305,"w":0.9935222268104553},"size":5.656854152679443,"orthographic":false}