{"cameraMode":{"drawMode":0,"name":"Shaded","section":"Shading Mode"},"sceneLighting":true,"audioPlay":false,"sceneViewState":{"m_AlwaysRefresh":false,"showFog":true,"showSkybox":true,"showFlares":true,"showImageEffects":true,"showParticleSystems":true,"showVisualEffectGraphs":true,"m_FxEnabled":true},"in2DMode":false,"pivot":{"x":-2.915706157684326,"y":0.48434579372406008,"z":-0.3346758484840393},"rotation":{"x":0.06602995842695236,"y":0.0018204604275524617,"z":-0.0014191537629812956,"w":0.9979323148727417},"size":4.067298889160156,"orthographic":false}