{"cameraMode":{"drawMode":0,"name":"Shaded","section":"Shading Mode"},"sceneLighting":true,"audioPlay":false,"sceneViewState":{"m_AlwaysRefresh":false,"showFog":true,"showSkybox":true,"showFlares":true,"showImageEffects":true,"showParticleSystems":true,"showVisualEffectGraphs":true,"m_FxEnabled":true},"in2DMode":false,"pivot":{"x":2.5502233505249025,"y":2.369999408721924,"z":5.8373541831970219},"rotation":{"x":0.06769260764122009,"y":0.04537923261523247,"z":-0.003080617869272828,"w":0.9967401623725891},"size":6.607396125793457,"orthographic":false}