{"cameraMode":{"drawMode":0,"name":"Shaded","section":"Shading Mode"},"sceneLighting":true,"audioPlay":false,"sceneViewState":{"m_AlwaysRefresh":false,"showFog":true,"showSkybox":true,"showFlares":true,"showImageEffects":true,"showParticleSystems":true,"showVisualEffectGraphs":true,"m_FxEnabled":true},"in2DMode":false,"pivot":{"x":641.3765869140625,"y":424.9399719238281,"z":-105.36381530761719},"rotation":{"x":-0.055940866470336917,"y":-0.2902876138687134,"z":-0.018499314785003663,"w":0.9552989602088928},"size":103.07764434814453,"orthographic":false}