Using pre-set license
Built from '2022.3/staging' branch; Version is '2022.3.49f1 (4dae1bb8668d) revision 5090843'; Using compiler version '192829333'; Build Type 'Release'
OS: 'Windows 11  (10.0.26100) 64bit Professional' Language: 'en' Physical Memory: 32575 MB
BatchMode: 1, IsHumanControllingUs: 0, StartBugReporterOnCrash: 0, Is64bit: 1, IsPro: 1

COMMAND LINE ARGUMENTS:
C:\Program Files\Unity\Hub\Editor\2022.3.49f1\Editor\Unity.exe
-adb2
-batchMode
-noUpm
-name
AssetImportWorker0
-projectPath
C:/Users/sumur/Desktop/An3/Licenta/Board Breakers
-logFile
Logs/AssetImportWorker0.log
-srvPort
56611
Successfully changed project path to: C:/Users/sumur/Desktop/An3/Licenta/Board Breakers
C:/Users/sumur/Desktop/An3/Licenta/Board Breakers
[UnityMemory] Configuration Parameters - Can be set up in boot.config
    "memorysetup-bucket-allocator-granularity=16"
    "memorysetup-bucket-allocator-bucket-count=8"
    "memorysetup-bucket-allocator-block-size=33554432"
    "memorysetup-bucket-allocator-block-count=8"
    "memorysetup-main-allocator-block-size=16777216"
    "memorysetup-thread-allocator-block-size=16777216"
    "memorysetup-gfx-main-allocator-block-size=16777216"
    "memorysetup-gfx-thread-allocator-block-size=16777216"
    "memorysetup-cache-allocator-block-size=4194304"
    "memorysetup-typetree-allocator-block-size=2097152"
    "memorysetup-profiler-bucket-allocator-granularity=16"
    "memorysetup-profiler-bucket-allocator-bucket-count=8"
    "memorysetup-profiler-bucket-allocator-block-size=33554432"
    "memorysetup-profiler-bucket-allocator-block-count=8"
    "memorysetup-profiler-allocator-block-size=16777216"
    "memorysetup-profiler-editor-allocator-block-size=1048576"
    "memorysetup-temp-allocator-size-main=16777216"
    "memorysetup-job-temp-allocator-block-size=2097152"
    "memorysetup-job-temp-allocator-block-size-background=1048576"
    "memorysetup-job-temp-allocator-reduction-small-platforms=262144"
    "memorysetup-allocator-temp-initial-block-size-main=262144"
    "memorysetup-allocator-temp-initial-block-size-worker=262144"
    "memorysetup-temp-allocator-size-background-worker=32768"
    "memorysetup-temp-allocator-size-job-worker=262144"
    "memorysetup-temp-allocator-size-preload-manager=33554432"
    "memorysetup-temp-allocator-size-nav-mesh-worker=65536"
    "memorysetup-temp-allocator-size-audio-worker=65536"
    "memorysetup-temp-allocator-size-cloud-worker=32768"
    "memorysetup-temp-allocator-size-gi-baking-worker=262144"
    "memorysetup-temp-allocator-size-gfx=262144"
Player connection [30788]  Target information:

Player connection [30788]  * "[IP] 192.168.56.1 [Port] 0 [Flags] 2 [Guid] 231453375 [EditorId] 231453375 [Version] 1048832 [Id] WindowsEditor(7,sumithesum) [Debug] 1 [PackageName] WindowsEditor [ProjectName] Editor" 

Player connection [30788]  * "[IP] 192.168.100.26 [Port] 0 [Flags] 2 [Guid] 231453375 [EditorId] 231453375 [Version] 1048832 [Id] WindowsEditor(7,sumithesum) [Debug] 1 [PackageName] WindowsEditor [ProjectName] Editor" 

Player connection [30788] Host joined multi-casting on [225.0.0.222:54997]...
Player connection [30788] Host joined alternative multi-casting on [225.0.0.222:34997]...
[PhysX] Initialized MultithreadedTaskDispatcher with 20 workers.
Refreshing native plugins compatible for Editor in 12596.67 ms, found 8 plugins.
Preloading 0 native plugins for Editor in 0.00 ms.
Initialize engine version: 2022.3.49f1 (4dae1bb8668d)
[Subsystems] Discovering subsystems at path C:/Program Files/Unity/Hub/Editor/2022.3.49f1/Editor/Data/Resources/UnitySubsystems
[Subsystems] Discovering subsystems at path C:/Users/sumur/Desktop/An3/Licenta/Board Breakers/Assets
GfxDevice: creating device client; threaded=0; jobified=0
Direct3D:
    Version:  Direct3D 11.0 [level 11.1]
    Renderer: NVIDIA GeForce RTX 4060 Laptop GPU (ID=0x28e0)
    Vendor:   NVIDIA
    VRAM:     7957 MB
    Driver:   32.0.15.7261
Initialize mono
Mono path[0] = 'C:/Program Files/Unity/Hub/Editor/2022.3.49f1/Editor/Data/Managed'
Mono path[1] = 'C:/Program Files/Unity/Hub/Editor/2022.3.49f1/Editor/Data/MonoBleedingEdge/lib/mono/unityjit-win32'
Mono config path = 'C:/Program Files/Unity/Hub/Editor/2022.3.49f1/Editor/Data/MonoBleedingEdge/etc'
Using monoOptions --debugger-agent=transport=dt_socket,embedding=1,server=y,suspend=n,address=127.0.0.1:56752
Begin MonoManager ReloadAssembly
Registering precompiled unity dll's ...
Register platform support module: C:/Program Files/Unity/Hub/Editor/2022.3.49f1/Editor/Data/PlaybackEngines/WebGLSupport/UnityEditor.WebGL.Extensions.dll
Register platform support module: C:/Program Files/Unity/Hub/Editor/2022.3.49f1/Editor/Data/PlaybackEngines/WindowsStandaloneSupport/UnityEditor.WindowsStandalone.Extensions.dll
Registered in 0.970725 seconds.
- Loaded All Assemblies, in 19.989 seconds
Native extension for WindowsStandalone target not found
Native extension for WebGL target not found
Mono: successfully reloaded assembly
- Finished resetting the current domain, in  0.369 seconds
Domain Reload Profiling: 20355ms
	BeginReloadAssembly (15996ms)
		ExecutionOrderSort (0ms)
		DisableScriptedObjects (0ms)
		BackupInstance (0ms)
		ReleaseScriptingObjects (0ms)
		CreateAndSetChildDomain (1ms)
	RebuildCommonClasses (1350ms)
	RebuildNativeTypeToScriptingClass (7ms)
	initialDomainReloadingComplete (1030ms)
	LoadAllAssembliesAndSetupDomain (1602ms)
		LoadAssemblies (15995ms)
		RebuildTransferFunctionScriptingTraits (0ms)
		AnalyzeDomain (1599ms)
			TypeCache.Refresh (1598ms)
				TypeCache.ScanAssembly (1434ms)
			ScanForSourceGeneratedMonoScriptInfo (0ms)
			ResolveRequiredComponents (1ms)
	FinalizeReload (369ms)
		ReleaseScriptCaches (0ms)
		RebuildScriptCaches (0ms)
		SetupLoadedEditorAssemblies (311ms)
			LogAssemblyErrors (0ms)
			InitializePlatformSupportModulesInManaged (15ms)
			SetLoadedEditorAssemblies (8ms)
			RefreshPlugins (0ms)
			BeforeProcessingInitializeOnLoad (3ms)
			ProcessInitializeOnLoadAttributes (224ms)
			ProcessInitializeOnLoadMethodAttributes (61ms)
			AfterProcessingInitializeOnLoad (0ms)
			EditorAssembliesLoaded (0ms)
		ExecutionOrderSort2 (0ms)
		AwakeInstancesAfterBackupRestoration (0ms)
Script 'Packages/com.rlabrecque.steamworks.net/Runtime/types/SteamTimeline/TimelineEventHandle_t.cs' will not be compiled because it exists outside the Assets folder and does not to belong to any assembly definition file.
========================================================================
Worker process is ready to serve import requests
Caller must complete domain reload
Script 'Packages/com.rlabrecque.steamworks.net/Runtime/types/SteamTimeline/TimelineEventHandle_t.cs' will not be compiled because it exists outside the Assets folder and does not to belong to any assembly definition file.
Begin MonoManager ReloadAssembly
- Loaded All Assemblies, in 24.139 seconds
Native extension for WindowsStandalone target not found
Native extension for WebGL target not found
Script 'Packages/com.rlabrecque.steamworks.net/Runtime/types/SteamTimeline/TimelineEventHandle_t.cs' will not be compiled because it exists outside the Assets folder and does not to belong to any assembly definition file.
Mono: successfully reloaded assembly
- Finished resetting the current domain, in  0.685 seconds
Domain Reload Profiling: 24821ms
	BeginReloadAssembly (171ms)
		ExecutionOrderSort (0ms)
		DisableScriptedObjects (4ms)
		BackupInstance (0ms)
		ReleaseScriptingObjects (0ms)
		CreateAndSetChildDomain (25ms)
	RebuildCommonClasses (47ms)
	RebuildNativeTypeToScriptingClass (10ms)
	initialDomainReloadingComplete (49ms)
	LoadAllAssembliesAndSetupDomain (23860ms)
		LoadAssemblies (22726ms)
		RebuildTransferFunctionScriptingTraits (0ms)
		AnalyzeDomain (1236ms)
			TypeCache.Refresh (1199ms)
				TypeCache.ScanAssembly (1035ms)
			ScanForSourceGeneratedMonoScriptInfo (29ms)
			ResolveRequiredComponents (7ms)
	FinalizeReload (685ms)
		ReleaseScriptCaches (0ms)
		RebuildScriptCaches (0ms)
		SetupLoadedEditorAssemblies (576ms)
			LogAssemblyErrors (0ms)
			InitializePlatformSupportModulesInManaged (6ms)
			SetLoadedEditorAssemblies (2ms)
			RefreshPlugins (0ms)
			BeforeProcessingInitializeOnLoad (49ms)
			ProcessInitializeOnLoadAttributes (476ms)
			ProcessInitializeOnLoadMethodAttributes (36ms)
			AfterProcessingInitializeOnLoad (6ms)
			EditorAssembliesLoaded (0ms)
		ExecutionOrderSort2 (0ms)
		AwakeInstancesAfterBackupRestoration (5ms)
Launched and connected shader compiler UnityShaderCompiler.exe after 0.12 seconds
Refreshing native plugins compatible for Editor in 20.21 ms, found 8 plugins.
Preloading 0 native plugins for Editor in 0.00 ms.
Unloading 4477 Unused Serialized files (Serialized files now loaded: 0)
Unloading 34 unused Assets / (59.5 KB). Loaded Objects now: 4949.
Memory consumption went from 153.1 MB to 153.0 MB.
Total: 3.503400 ms (FindLiveObjects: 0.285500 ms CreateObjectMapping: 0.231800 ms MarkObjects: 2.856600 ms  DeleteObjects: 0.128200 ms)

AssetImportParameters requested are different than current active one (requested -> active):
  custom:container-demuxer-ogg: 62fdf1f143b41e24485cea50d1cbac27 -> 
  custom:video-codec-MediaFoundation-h265: 746d11721c4dcdbdad8f713fa42b33f4 -> 
  custom:video-decoder-ogg-theora: a1e56fd34408186e4bbccfd4996cb3dc -> 
  custom:framework-win-MediaFoundation: 216162199b28c13a410421893ffa2e32 -> 
  custom:CustomObjectIndexerAttribute: 9a22284fe3817be447336de3de66b15e -> 
  custom:container-demuxer-webm: 4f35f7cbe854078d1ac9338744f61a02 -> 
  custom:container-muxer-webm: aa71ff27fc2769a1b78a27578f13a17b -> 
  custom:video-decoder-webm-vp8: 9c59270c3fd7afecdb556c50c9e8de78 -> 
  custom:SearchIndexIgnoredProperties: e643bd26f0fe6173181afceb89e7c659 -> 
  custom:AudioImporter_EditorPlatform: d09bf68614088b80899f8185d706f6e7 -> 
  custom:video-encoder-webm-vp8: eb34c28f22e8b96e1ab97ce403110664 -> 
  custom:audio-decoder-ogg-vorbis: bf7c407c2cedff20999df2af8eb42d56 -> 
  custom:audio-encoder-webm-vorbis: bf7c407c2cedff20999df2af8eb42d56 -> 
========================================================================
Received Prepare
Script 'Packages/com.rlabrecque.steamworks.net/Runtime/types/SteamTimeline/TimelineEventHandle_t.cs' will not be compiled because it exists outside the Assets folder and does not to belong to any assembly definition file.
Caller must complete domain reload
Script 'Packages/com.rlabrecque.steamworks.net/Runtime/types/SteamTimeline/TimelineEventHandle_t.cs' will not be compiled because it exists outside the Assets folder and does not to belong to any assembly definition file.
Begin MonoManager ReloadAssembly
- Loaded All Assemblies, in  0.613 seconds
Native extension for WindowsStandalone target not found
Native extension for WebGL target not found
Script 'Packages/com.rlabrecque.steamworks.net/Runtime/types/SteamTimeline/TimelineEventHandle_t.cs' will not be compiled because it exists outside the Assets folder and does not to belong to any assembly definition file.
Mono: successfully reloaded assembly
- Finished resetting the current domain, in  0.989 seconds
Domain Reload Profiling: 1597ms
	BeginReloadAssembly (216ms)
		ExecutionOrderSort (0ms)
		DisableScriptedObjects (6ms)
		BackupInstance (0ms)
		ReleaseScriptingObjects (0ms)
		CreateAndSetChildDomain (69ms)
	RebuildCommonClasses (43ms)
	RebuildNativeTypeToScriptingClass (12ms)
	initialDomainReloadingComplete (36ms)
	LoadAllAssembliesAndSetupDomain (301ms)
		LoadAssemblies (380ms)
		RebuildTransferFunctionScriptingTraits (0ms)
		AnalyzeDomain (29ms)
			TypeCache.Refresh (8ms)
				TypeCache.ScanAssembly (2ms)
			ScanForSourceGeneratedMonoScriptInfo (11ms)
			ResolveRequiredComponents (8ms)
	FinalizeReload (989ms)
		ReleaseScriptCaches (0ms)
		RebuildScriptCaches (0ms)
		SetupLoadedEditorAssemblies (500ms)
			LogAssemblyErrors (0ms)
			InitializePlatformSupportModulesInManaged (11ms)
			SetLoadedEditorAssemblies (2ms)
			RefreshPlugins (0ms)
			BeforeProcessingInitializeOnLoad (99ms)
			ProcessInitializeOnLoadAttributes (361ms)
			ProcessInitializeOnLoadMethodAttributes (19ms)
			AfterProcessingInitializeOnLoad (7ms)
			EditorAssembliesLoaded (0ms)
		ExecutionOrderSort2 (0ms)
		AwakeInstancesAfterBackupRestoration (5ms)
Refreshing native plugins compatible for Editor in 23.05 ms, found 8 plugins.
Preloading 0 native plugins for Editor in 0.00 ms.
Unloading 4456 Unused Serialized files (Serialized files now loaded: 0)
Unloading 29 unused Assets / (33.2 KB). Loaded Objects now: 4952.
Memory consumption went from 148.9 MB to 148.8 MB.
Total: 4.769200 ms (FindLiveObjects: 0.295600 ms CreateObjectMapping: 0.208600 ms MarkObjects: 4.198400 ms  DeleteObjects: 0.065600 ms)

Prepare: number of updated asset objects reloaded= 0
AssetImportParameters requested are different than current active one (requested -> active):
  custom:container-demuxer-ogg: 62fdf1f143b41e24485cea50d1cbac27 -> 
  custom:video-codec-MediaFoundation-h265: 746d11721c4dcdbdad8f713fa42b33f4 -> 
  custom:video-decoder-ogg-theora: a1e56fd34408186e4bbccfd4996cb3dc -> 
  custom:framework-win-MediaFoundation: 216162199b28c13a410421893ffa2e32 -> 
  custom:CustomObjectIndexerAttribute: 9a22284fe3817be447336de3de66b15e -> 
  custom:container-demuxer-webm: 4f35f7cbe854078d1ac9338744f61a02 -> 
  custom:container-muxer-webm: aa71ff27fc2769a1b78a27578f13a17b -> 
  custom:video-decoder-webm-vp8: 9c59270c3fd7afecdb556c50c9e8de78 -> 
  custom:SearchIndexIgnoredProperties: e643bd26f0fe6173181afceb89e7c659 -> 
  custom:AudioImporter_EditorPlatform: d09bf68614088b80899f8185d706f6e7 -> 
  custom:video-encoder-webm-vp8: eb34c28f22e8b96e1ab97ce403110664 -> 
  custom:audio-decoder-ogg-vorbis: bf7c407c2cedff20999df2af8eb42d56 -> 
  custom:audio-encoder-webm-vorbis: bf7c407c2cedff20999df2af8eb42d56 -> 
========================================================================
Received Prepare
Script 'Packages/com.rlabrecque.steamworks.net/Runtime/types/SteamTimeline/TimelineEventHandle_t.cs' will not be compiled because it exists outside the Assets folder and does not to belong to any assembly definition file.
Caller must complete domain reload
Script 'Packages/com.rlabrecque.steamworks.net/Runtime/types/SteamTimeline/TimelineEventHandle_t.cs' will not be compiled because it exists outside the Assets folder and does not to belong to any assembly definition file.
Begin MonoManager ReloadAssembly
- Loaded All Assemblies, in  0.631 seconds
Native extension for WindowsStandalone target not found
Native extension for WebGL target not found
Script 'Packages/com.rlabrecque.steamworks.net/Runtime/types/SteamTimeline/TimelineEventHandle_t.cs' will not be compiled because it exists outside the Assets folder and does not to belong to any assembly definition file.
Mono: successfully reloaded assembly
- Finished resetting the current domain, in  1.014 seconds
Domain Reload Profiling: 1639ms
	BeginReloadAssembly (185ms)
		ExecutionOrderSort (0ms)
		DisableScriptedObjects (5ms)
		BackupInstance (0ms)
		ReleaseScriptingObjects (0ms)
		CreateAndSetChildDomain (31ms)
	RebuildCommonClasses (32ms)
	RebuildNativeTypeToScriptingClass (10ms)
	initialDomainReloadingComplete (50ms)
	LoadAllAssembliesAndSetupDomain (348ms)
		LoadAssemblies (418ms)
		RebuildTransferFunctionScriptingTraits (0ms)
		AnalyzeDomain (41ms)
			TypeCache.Refresh (9ms)
				TypeCache.ScanAssembly (2ms)
			ScanForSourceGeneratedMonoScriptInfo (15ms)
			ResolveRequiredComponents (14ms)
	FinalizeReload (1014ms)
		ReleaseScriptCaches (0ms)
		RebuildScriptCaches (0ms)
		SetupLoadedEditorAssemblies (467ms)
			LogAssemblyErrors (0ms)
			InitializePlatformSupportModulesInManaged (7ms)
			SetLoadedEditorAssemblies (3ms)
			RefreshPlugins (0ms)
			BeforeProcessingInitializeOnLoad (54ms)
			ProcessInitializeOnLoadAttributes (380ms)
			ProcessInitializeOnLoadMethodAttributes (17ms)
			AfterProcessingInitializeOnLoad (5ms)
			EditorAssembliesLoaded (0ms)
		ExecutionOrderSort2 (0ms)
		AwakeInstancesAfterBackupRestoration (5ms)
Refreshing native plugins compatible for Editor in 16.38 ms, found 8 plugins.
Preloading 0 native plugins for Editor in 0.00 ms.
Unloading 4456 Unused Serialized files (Serialized files now loaded: 0)
Unloading 29 unused Assets / (33.2 KB). Loaded Objects now: 4955.
Memory consumption went from 148.9 MB to 148.8 MB.
Total: 4.061700 ms (FindLiveObjects: 0.278200 ms CreateObjectMapping: 0.260100 ms MarkObjects: 3.456300 ms  DeleteObjects: 0.065800 ms)

Prepare: number of updated asset objects reloaded= 0
AssetImportParameters requested are different than current active one (requested -> active):
  custom:container-demuxer-ogg: 62fdf1f143b41e24485cea50d1cbac27 -> 
  custom:video-codec-MediaFoundation-h265: 746d11721c4dcdbdad8f713fa42b33f4 -> 
  custom:video-decoder-ogg-theora: a1e56fd34408186e4bbccfd4996cb3dc -> 
  custom:framework-win-MediaFoundation: 216162199b28c13a410421893ffa2e32 -> 
  custom:CustomObjectIndexerAttribute: 9a22284fe3817be447336de3de66b15e -> 
  custom:container-demuxer-webm: 4f35f7cbe854078d1ac9338744f61a02 -> 
  custom:container-muxer-webm: aa71ff27fc2769a1b78a27578f13a17b -> 
  custom:video-decoder-webm-vp8: 9c59270c3fd7afecdb556c50c9e8de78 -> 
  custom:SearchIndexIgnoredProperties: e643bd26f0fe6173181afceb89e7c659 -> 
  custom:AudioImporter_EditorPlatform: d09bf68614088b80899f8185d706f6e7 -> 
  custom:video-encoder-webm-vp8: eb34c28f22e8b96e1ab97ce403110664 -> 
  custom:audio-decoder-ogg-vorbis: bf7c407c2cedff20999df2af8eb42d56 -> 
  custom:audio-encoder-webm-vorbis: bf7c407c2cedff20999df2af8eb42d56 -> 
========================================================================
Received Prepare
Script 'Packages/com.rlabrecque.steamworks.net/Runtime/types/SteamTimeline/TimelineEventHandle_t.cs' will not be compiled because it exists outside the Assets folder and does not to belong to any assembly definition file.
Caller must complete domain reload
Script 'Packages/com.rlabrecque.steamworks.net/Runtime/types/SteamTimeline/TimelineEventHandle_t.cs' will not be compiled because it exists outside the Assets folder and does not to belong to any assembly definition file.
Begin MonoManager ReloadAssembly
- Loaded All Assemblies, in  0.473 seconds
Native extension for WindowsStandalone target not found
Native extension for WebGL target not found
Script 'Packages/com.rlabrecque.steamworks.net/Runtime/types/SteamTimeline/TimelineEventHandle_t.cs' will not be compiled because it exists outside the Assets folder and does not to belong to any assembly definition file.
Mono: successfully reloaded assembly
- Finished resetting the current domain, in  0.979 seconds
Domain Reload Profiling: 1449ms
	BeginReloadAssembly (147ms)
		ExecutionOrderSort (0ms)
		DisableScriptedObjects (3ms)
		BackupInstance (0ms)
		ReleaseScriptingObjects (0ms)
		CreateAndSetChildDomain (37ms)
	RebuildCommonClasses (35ms)
	RebuildNativeTypeToScriptingClass (10ms)
	initialDomainReloadingComplete (29ms)
	LoadAllAssembliesAndSetupDomain (248ms)
		LoadAssemblies (297ms)
		RebuildTransferFunctionScriptingTraits (0ms)
		AnalyzeDomain (30ms)
			TypeCache.Refresh (9ms)
				TypeCache.ScanAssembly (2ms)
			ScanForSourceGeneratedMonoScriptInfo (12ms)
			ResolveRequiredComponents (6ms)
	FinalizeReload (979ms)
		ReleaseScriptCaches (0ms)
		RebuildScriptCaches (0ms)
		SetupLoadedEditorAssemblies (543ms)
			LogAssemblyErrors (0ms)
			InitializePlatformSupportModulesInManaged (9ms)
			SetLoadedEditorAssemblies (4ms)
			RefreshPlugins (0ms)
			BeforeProcessingInitializeOnLoad (51ms)
			ProcessInitializeOnLoadAttributes (456ms)
			ProcessInitializeOnLoadMethodAttributes (16ms)
			AfterProcessingInitializeOnLoad (5ms)
			EditorAssembliesLoaded (0ms)
		ExecutionOrderSort2 (0ms)
		AwakeInstancesAfterBackupRestoration (5ms)
Refreshing native plugins compatible for Editor in 16.16 ms, found 8 plugins.
Preloading 0 native plugins for Editor in 0.00 ms.
Unloading 4457 Unused Serialized files (Serialized files now loaded: 0)
Unloading 29 unused Assets / (33.2 KB). Loaded Objects now: 4959.
Memory consumption went from 148.9 MB to 148.9 MB.
Total: 4.102700 ms (FindLiveObjects: 0.306400 ms CreateObjectMapping: 0.232300 ms MarkObjects: 3.497400 ms  DeleteObjects: 0.065400 ms)

Prepare: number of updated asset objects reloaded= 0
AssetImportParameters requested are different than current active one (requested -> active):
  custom:container-demuxer-ogg: 62fdf1f143b41e24485cea50d1cbac27 -> 
  custom:video-codec-MediaFoundation-h265: 746d11721c4dcdbdad8f713fa42b33f4 -> 
  custom:video-decoder-ogg-theora: a1e56fd34408186e4bbccfd4996cb3dc -> 
  custom:framework-win-MediaFoundation: 216162199b28c13a410421893ffa2e32 -> 
  custom:CustomObjectIndexerAttribute: 9a22284fe3817be447336de3de66b15e -> 
  custom:container-demuxer-webm: 4f35f7cbe854078d1ac9338744f61a02 -> 
  custom:container-muxer-webm: aa71ff27fc2769a1b78a27578f13a17b -> 
  custom:video-decoder-webm-vp8: 9c59270c3fd7afecdb556c50c9e8de78 -> 
  custom:SearchIndexIgnoredProperties: e643bd26f0fe6173181afceb89e7c659 -> 
  custom:AudioImporter_EditorPlatform: d09bf68614088b80899f8185d706f6e7 -> 
  custom:scripting/monoscript/fileName/MeniuSchimbare.cs: dbf707465d583b22c6bc12ce0c338f60 -> 
  custom:video-encoder-webm-vp8: eb34c28f22e8b96e1ab97ce403110664 -> 
  custom:audio-decoder-ogg-vorbis: bf7c407c2cedff20999df2af8eb42d56 -> 
  custom:audio-encoder-webm-vorbis: bf7c407c2cedff20999df2af8eb42d56 -> 
  custom:scripting/precompiled-assembly-types:Assembly-CSharp: bbc15ab3c1c8e96d2aaf9989691d44a9 -> bf690c30d0eb984383641cab4c97498c
========================================================================
Received Prepare
Script 'Packages/com.rlabrecque.steamworks.net/Runtime/types/SteamTimeline/TimelineEventHandle_t.cs' will not be compiled because it exists outside the Assets folder and does not to belong to any assembly definition file.
Caller must complete domain reload
Script 'Packages/com.rlabrecque.steamworks.net/Runtime/types/SteamTimeline/TimelineEventHandle_t.cs' will not be compiled because it exists outside the Assets folder and does not to belong to any assembly definition file.
Begin MonoManager ReloadAssembly
- Loaded All Assemblies, in  0.449 seconds
Native extension for WindowsStandalone target not found
Native extension for WebGL target not found
Script 'Packages/com.rlabrecque.steamworks.net/Runtime/types/SteamTimeline/TimelineEventHandle_t.cs' will not be compiled because it exists outside the Assets folder and does not to belong to any assembly definition file.
Mono: successfully reloaded assembly
- Finished resetting the current domain, in  0.901 seconds
Domain Reload Profiling: 1347ms
	BeginReloadAssembly (120ms)
		ExecutionOrderSort (0ms)
		DisableScriptedObjects (6ms)
		BackupInstance (0ms)
		ReleaseScriptingObjects (0ms)
		CreateAndSetChildDomain (24ms)
	RebuildCommonClasses (33ms)
	RebuildNativeTypeToScriptingClass (10ms)
	initialDomainReloadingComplete (43ms)
	LoadAllAssembliesAndSetupDomain (239ms)
		LoadAssemblies (274ms)
		RebuildTransferFunctionScriptingTraits (0ms)
		AnalyzeDomain (28ms)
			TypeCache.Refresh (8ms)
				TypeCache.ScanAssembly (2ms)
			ScanForSourceGeneratedMonoScriptInfo (12ms)
			ResolveRequiredComponents (7ms)
	FinalizeReload (901ms)
		ReleaseScriptCaches (0ms)
		RebuildScriptCaches (0ms)
		SetupLoadedEditorAssemblies (469ms)
			LogAssemblyErrors (0ms)
			InitializePlatformSupportModulesInManaged (7ms)
			SetLoadedEditorAssemblies (4ms)
			RefreshPlugins (0ms)
			BeforeProcessingInitializeOnLoad (62ms)
			ProcessInitializeOnLoadAttributes (376ms)
			ProcessInitializeOnLoadMethodAttributes (16ms)
			AfterProcessingInitializeOnLoad (5ms)
			EditorAssembliesLoaded (0ms)
		ExecutionOrderSort2 (0ms)
		AwakeInstancesAfterBackupRestoration (5ms)
Refreshing native plugins compatible for Editor in 16.63 ms, found 8 plugins.
Preloading 0 native plugins for Editor in 0.00 ms.
Unloading 4457 Unused Serialized files (Serialized files now loaded: 0)
Unloading 29 unused Assets / (33.2 KB). Loaded Objects now: 4962.
Memory consumption went from 148.9 MB to 148.9 MB.
Total: 4.382100 ms (FindLiveObjects: 0.275300 ms CreateObjectMapping: 0.254500 ms MarkObjects: 3.687600 ms  DeleteObjects: 0.162900 ms)

Prepare: number of updated asset objects reloaded= 0
AssetImportParameters requested are different than current active one (requested -> active):
  custom:container-demuxer-ogg: 62fdf1f143b41e24485cea50d1cbac27 -> 
  custom:video-codec-MediaFoundation-h265: 746d11721c4dcdbdad8f713fa42b33f4 -> 
  custom:video-decoder-ogg-theora: a1e56fd34408186e4bbccfd4996cb3dc -> 
  custom:framework-win-MediaFoundation: 216162199b28c13a410421893ffa2e32 -> 
  custom:CustomObjectIndexerAttribute: 9a22284fe3817be447336de3de66b15e -> 
  custom:container-demuxer-webm: 4f35f7cbe854078d1ac9338744f61a02 -> 
  custom:container-muxer-webm: aa71ff27fc2769a1b78a27578f13a17b -> 
  custom:video-decoder-webm-vp8: 9c59270c3fd7afecdb556c50c9e8de78 -> 
  custom:SearchIndexIgnoredProperties: e643bd26f0fe6173181afceb89e7c659 -> 
  custom:AudioImporter_EditorPlatform: d09bf68614088b80899f8185d706f6e7 -> 
  custom:scripting/monoscript/fileName/MeniuSchimbare.cs: dbf707465d583b22c6bc12ce0c338f60 -> 
  custom:video-encoder-webm-vp8: eb34c28f22e8b96e1ab97ce403110664 -> 
  custom:audio-decoder-ogg-vorbis: bf7c407c2cedff20999df2af8eb42d56 -> 
  custom:audio-encoder-webm-vorbis: bf7c407c2cedff20999df2af8eb42d56 -> 
  custom:scripting/precompiled-assembly-types:Assembly-CSharp: bbc15ab3c1c8e96d2aaf9989691d44a9 -> bf690c30d0eb984383641cab4c97498c
========================================================================
Received Prepare
Script 'Packages/com.rlabrecque.steamworks.net/Runtime/types/SteamTimeline/TimelineEventHandle_t.cs' will not be compiled because it exists outside the Assets folder and does not to belong to any assembly definition file.
Caller must complete domain reload
Script 'Packages/com.rlabrecque.steamworks.net/Runtime/types/SteamTimeline/TimelineEventHandle_t.cs' will not be compiled because it exists outside the Assets folder and does not to belong to any assembly definition file.
Begin MonoManager ReloadAssembly
- Loaded All Assemblies, in  0.545 seconds
Native extension for WindowsStandalone target not found
Native extension for WebGL target not found
Script 'Packages/com.rlabrecque.steamworks.net/Runtime/types/SteamTimeline/TimelineEventHandle_t.cs' will not be compiled because it exists outside the Assets folder and does not to belong to any assembly definition file.
Mono: successfully reloaded assembly
- Finished resetting the current domain, in  1.243 seconds
Domain Reload Profiling: 1784ms
	BeginReloadAssembly (170ms)
		ExecutionOrderSort (0ms)
		DisableScriptedObjects (5ms)
		BackupInstance (0ms)
		ReleaseScriptingObjects (0ms)
		CreateAndSetChildDomain (34ms)
	RebuildCommonClasses (40ms)
	RebuildNativeTypeToScriptingClass (9ms)
	initialDomainReloadingComplete (27ms)
	LoadAllAssembliesAndSetupDomain (294ms)
		LoadAssemblies (348ms)
		RebuildTransferFunctionScriptingTraits (0ms)
		AnalyzeDomain (31ms)
			TypeCache.Refresh (10ms)
				TypeCache.ScanAssembly (2ms)
			ScanForSourceGeneratedMonoScriptInfo (13ms)
			ResolveRequiredComponents (7ms)
	FinalizeReload (1244ms)
		ReleaseScriptCaches (0ms)
		RebuildScriptCaches (0ms)
		SetupLoadedEditorAssemblies (665ms)
			LogAssemblyErrors (0ms)
			InitializePlatformSupportModulesInManaged (6ms)
			SetLoadedEditorAssemblies (3ms)
			RefreshPlugins (0ms)
			BeforeProcessingInitializeOnLoad (64ms)
			ProcessInitializeOnLoadAttributes (567ms)
			ProcessInitializeOnLoadMethodAttributes (16ms)
			AfterProcessingInitializeOnLoad (9ms)
			EditorAssembliesLoaded (0ms)
		ExecutionOrderSort2 (0ms)
		AwakeInstancesAfterBackupRestoration (10ms)
Refreshing native plugins compatible for Editor in 16.89 ms, found 8 plugins.
Preloading 0 native plugins for Editor in 0.00 ms.
Unloading 4457 Unused Serialized files (Serialized files now loaded: 0)
Unloading 29 unused Assets / (33.2 KB). Loaded Objects now: 4965.
Memory consumption went from 148.8 MB to 148.8 MB.
Total: 4.014600 ms (FindLiveObjects: 0.298700 ms CreateObjectMapping: 0.266200 ms MarkObjects: 3.373600 ms  DeleteObjects: 0.074900 ms)

Prepare: number of updated asset objects reloaded= 0
AssetImportParameters requested are different than current active one (requested -> active):
  custom:container-demuxer-ogg: 62fdf1f143b41e24485cea50d1cbac27 -> 
  custom:video-codec-MediaFoundation-h265: 746d11721c4dcdbdad8f713fa42b33f4 -> 
  custom:video-decoder-ogg-theora: a1e56fd34408186e4bbccfd4996cb3dc -> 
  custom:framework-win-MediaFoundation: 216162199b28c13a410421893ffa2e32 -> 
  custom:CustomObjectIndexerAttribute: 9a22284fe3817be447336de3de66b15e -> 
  custom:container-demuxer-webm: 4f35f7cbe854078d1ac9338744f61a02 -> 
  custom:container-muxer-webm: aa71ff27fc2769a1b78a27578f13a17b -> 
  custom:video-decoder-webm-vp8: 9c59270c3fd7afecdb556c50c9e8de78 -> 
  custom:SearchIndexIgnoredProperties: e643bd26f0fe6173181afceb89e7c659 -> 
  custom:AudioImporter_EditorPlatform: d09bf68614088b80899f8185d706f6e7 -> 
  custom:scripting/monoscript/fileName/MeniuSchimbare.cs: dbf707465d583b22c6bc12ce0c338f60 -> 
  custom:video-encoder-webm-vp8: eb34c28f22e8b96e1ab97ce403110664 -> 
  custom:audio-decoder-ogg-vorbis: bf7c407c2cedff20999df2af8eb42d56 -> 
  custom:audio-encoder-webm-vorbis: bf7c407c2cedff20999df2af8eb42d56 -> 
  custom:scripting/precompiled-assembly-types:Assembly-CSharp: bbc15ab3c1c8e96d2aaf9989691d44a9 -> bf690c30d0eb984383641cab4c97498c
========================================================================
Received Prepare
Script 'Packages/com.rlabrecque.steamworks.net/Runtime/types/SteamTimeline/TimelineEventHandle_t.cs' will not be compiled because it exists outside the Assets folder and does not to belong to any assembly definition file.
Caller must complete domain reload
Script 'Packages/com.rlabrecque.steamworks.net/Runtime/types/SteamTimeline/TimelineEventHandle_t.cs' will not be compiled because it exists outside the Assets folder and does not to belong to any assembly definition file.
Begin MonoManager ReloadAssembly
- Loaded All Assemblies, in  0.777 seconds
Native extension for WindowsStandalone target not found
Native extension for WebGL target not found
Script 'Packages/com.rlabrecque.steamworks.net/Runtime/types/SteamTimeline/TimelineEventHandle_t.cs' will not be compiled because it exists outside the Assets folder and does not to belong to any assembly definition file.
Mono: successfully reloaded assembly
- Finished resetting the current domain, in  1.157 seconds
Domain Reload Profiling: 1927ms
	BeginReloadAssembly (227ms)
		ExecutionOrderSort (0ms)
		DisableScriptedObjects (9ms)
		BackupInstance (0ms)
		ReleaseScriptingObjects (0ms)
		CreateAndSetChildDomain (53ms)
	RebuildCommonClasses (49ms)
	RebuildNativeTypeToScriptingClass (16ms)
	initialDomainReloadingComplete (39ms)
	LoadAllAssembliesAndSetupDomain (438ms)
		LoadAssemblies (503ms)
		RebuildTransferFunctionScriptingTraits (0ms)
		AnalyzeDomain (52ms)
			TypeCache.Refresh (18ms)
				TypeCache.ScanAssembly (4ms)
			ScanForSourceGeneratedMonoScriptInfo (22ms)
			ResolveRequiredComponents (10ms)
	FinalizeReload (1157ms)
		ReleaseScriptCaches (0ms)
		RebuildScriptCaches (0ms)
		SetupLoadedEditorAssemblies (543ms)
			LogAssemblyErrors (0ms)
			InitializePlatformSupportModulesInManaged (6ms)
			SetLoadedEditorAssemblies (2ms)
			RefreshPlugins (0ms)
			BeforeProcessingInitializeOnLoad (61ms)
			ProcessInitializeOnLoadAttributes (451ms)
			ProcessInitializeOnLoadMethodAttributes (17ms)
			AfterProcessingInitializeOnLoad (5ms)
			EditorAssembliesLoaded (0ms)
		ExecutionOrderSort2 (0ms)
		AwakeInstancesAfterBackupRestoration (5ms)
Refreshing native plugins compatible for Editor in 18.73 ms, found 8 plugins.
Preloading 0 native plugins for Editor in 0.00 ms.
Unloading 4457 Unused Serialized files (Serialized files now loaded: 0)
Unloading 29 unused Assets / (33.2 KB). Loaded Objects now: 4968.
Memory consumption went from 148.9 MB to 148.9 MB.
Total: 3.998000 ms (FindLiveObjects: 0.312100 ms CreateObjectMapping: 0.198000 ms MarkObjects: 3.420900 ms  DeleteObjects: 0.065400 ms)

Prepare: number of updated asset objects reloaded= 0
AssetImportParameters requested are different than current active one (requested -> active):
  custom:container-demuxer-ogg: 62fdf1f143b41e24485cea50d1cbac27 -> 
  custom:video-codec-MediaFoundation-h265: 746d11721c4dcdbdad8f713fa42b33f4 -> 
  custom:video-decoder-ogg-theora: a1e56fd34408186e4bbccfd4996cb3dc -> 
  custom:framework-win-MediaFoundation: 216162199b28c13a410421893ffa2e32 -> 
  custom:CustomObjectIndexerAttribute: 9a22284fe3817be447336de3de66b15e -> 
  custom:container-demuxer-webm: 4f35f7cbe854078d1ac9338744f61a02 -> 
  custom:container-muxer-webm: aa71ff27fc2769a1b78a27578f13a17b -> 
  custom:video-decoder-webm-vp8: 9c59270c3fd7afecdb556c50c9e8de78 -> 
  custom:SearchIndexIgnoredProperties: e643bd26f0fe6173181afceb89e7c659 -> 
  custom:AudioImporter_EditorPlatform: d09bf68614088b80899f8185d706f6e7 -> 
  custom:scripting/monoscript/fileName/MeniuSchimbare.cs: dbf707465d583b22c6bc12ce0c338f60 -> 
  custom:video-encoder-webm-vp8: eb34c28f22e8b96e1ab97ce403110664 -> 
  custom:audio-decoder-ogg-vorbis: bf7c407c2cedff20999df2af8eb42d56 -> 
  custom:audio-encoder-webm-vorbis: bf7c407c2cedff20999df2af8eb42d56 -> 
  custom:scripting/precompiled-assembly-types:Assembly-CSharp: bbc15ab3c1c8e96d2aaf9989691d44a9 -> bf690c30d0eb984383641cab4c97498c
========================================================================
Received Prepare
Script 'Packages/com.rlabrecque.steamworks.net/Runtime/types/SteamTimeline/TimelineEventHandle_t.cs' will not be compiled because it exists outside the Assets folder and does not to belong to any assembly definition file.
Caller must complete domain reload
Script 'Packages/com.rlabrecque.steamworks.net/Runtime/types/SteamTimeline/TimelineEventHandle_t.cs' will not be compiled because it exists outside the Assets folder and does not to belong to any assembly definition file.
Begin MonoManager ReloadAssembly
- Loaded All Assemblies, in  0.711 seconds
Native extension for WindowsStandalone target not found
Native extension for WebGL target not found
Script 'Packages/com.rlabrecque.steamworks.net/Runtime/types/SteamTimeline/TimelineEventHandle_t.cs' will not be compiled because it exists outside the Assets folder and does not to belong to any assembly definition file.
Mono: successfully reloaded assembly
- Finished resetting the current domain, in  1.403 seconds
Domain Reload Profiling: 2110ms
	BeginReloadAssembly (172ms)
		ExecutionOrderSort (0ms)
		DisableScriptedObjects (3ms)
		BackupInstance (0ms)
		ReleaseScriptingObjects (0ms)
		CreateAndSetChildDomain (32ms)
	RebuildCommonClasses (56ms)
	RebuildNativeTypeToScriptingClass (20ms)
	initialDomainReloadingComplete (42ms)
	LoadAllAssembliesAndSetupDomain (417ms)
		LoadAssemblies (455ms)
		RebuildTransferFunctionScriptingTraits (0ms)
		AnalyzeDomain (60ms)
			TypeCache.Refresh (13ms)
				TypeCache.ScanAssembly (2ms)
			ScanForSourceGeneratedMonoScriptInfo (26ms)
			ResolveRequiredComponents (20ms)
	FinalizeReload (1403ms)
		ReleaseScriptCaches (0ms)
		RebuildScriptCaches (0ms)
		SetupLoadedEditorAssemblies (577ms)
			LogAssemblyErrors (0ms)
			InitializePlatformSupportModulesInManaged (9ms)
			SetLoadedEditorAssemblies (2ms)
			RefreshPlugins (0ms)
			BeforeProcessingInitializeOnLoad (68ms)
			ProcessInitializeOnLoadAttributes (476ms)
			ProcessInitializeOnLoadMethodAttributes (17ms)
			AfterProcessingInitializeOnLoad (5ms)
			EditorAssembliesLoaded (0ms)
		ExecutionOrderSort2 (0ms)
		AwakeInstancesAfterBackupRestoration (5ms)
Refreshing native plugins compatible for Editor in 17.87 ms, found 8 plugins.
Preloading 0 native plugins for Editor in 0.00 ms.
Unloading 4457 Unused Serialized files (Serialized files now loaded: 0)
Unloading 29 unused Assets / (33.2 KB). Loaded Objects now: 4971.
Memory consumption went from 148.9 MB to 148.9 MB.
Total: 4.213100 ms (FindLiveObjects: 0.358900 ms CreateObjectMapping: 0.232100 ms MarkObjects: 3.554300 ms  DeleteObjects: 0.066400 ms)

Prepare: number of updated asset objects reloaded= 0
AssetImportParameters requested are different than current active one (requested -> active):
  custom:container-demuxer-ogg: 62fdf1f143b41e24485cea50d1cbac27 -> 
  custom:video-codec-MediaFoundation-h265: 746d11721c4dcdbdad8f713fa42b33f4 -> 
  custom:video-decoder-ogg-theora: a1e56fd34408186e4bbccfd4996cb3dc -> 
  custom:framework-win-MediaFoundation: 216162199b28c13a410421893ffa2e32 -> 
  custom:CustomObjectIndexerAttribute: 9a22284fe3817be447336de3de66b15e -> 
  custom:container-demuxer-webm: 4f35f7cbe854078d1ac9338744f61a02 -> 
  custom:container-muxer-webm: aa71ff27fc2769a1b78a27578f13a17b -> 
  custom:video-decoder-webm-vp8: 9c59270c3fd7afecdb556c50c9e8de78 -> 
  custom:SearchIndexIgnoredProperties: e643bd26f0fe6173181afceb89e7c659 -> 
  custom:AudioImporter_EditorPlatform: d09bf68614088b80899f8185d706f6e7 -> 
  custom:scripting/monoscript/fileName/MeniuSchimbare.cs: dbf707465d583b22c6bc12ce0c338f60 -> 
  custom:video-encoder-webm-vp8: eb34c28f22e8b96e1ab97ce403110664 -> 
  custom:audio-decoder-ogg-vorbis: bf7c407c2cedff20999df2af8eb42d56 -> 
  custom:audio-encoder-webm-vorbis: bf7c407c2cedff20999df2af8eb42d56 -> 
  custom:scripting/precompiled-assembly-types:Assembly-CSharp: bbc15ab3c1c8e96d2aaf9989691d44a9 -> bf690c30d0eb984383641cab4c97498c
========================================================================
Received Prepare
Script 'Packages/com.rlabrecque.steamworks.net/Runtime/types/SteamTimeline/TimelineEventHandle_t.cs' will not be compiled because it exists outside the Assets folder and does not to belong to any assembly definition file.
Caller must complete domain reload
Script 'Packages/com.rlabrecque.steamworks.net/Runtime/types/SteamTimeline/TimelineEventHandle_t.cs' will not be compiled because it exists outside the Assets folder and does not to belong to any assembly definition file.
Begin MonoManager ReloadAssembly
- Loaded All Assemblies, in  0.736 seconds
Native extension for WindowsStandalone target not found
Native extension for WebGL target not found
Script 'Packages/com.rlabrecque.steamworks.net/Runtime/types/SteamTimeline/TimelineEventHandle_t.cs' will not be compiled because it exists outside the Assets folder and does not to belong to any assembly definition file.
Mono: successfully reloaded assembly
- Finished resetting the current domain, in  1.373 seconds
Domain Reload Profiling: 2103ms
	BeginReloadAssembly (190ms)
		ExecutionOrderSort (0ms)
		DisableScriptedObjects (11ms)
		BackupInstance (0ms)
		ReleaseScriptingObjects (0ms)
		CreateAndSetChildDomain (44ms)
	RebuildCommonClasses (30ms)
	RebuildNativeTypeToScriptingClass (11ms)
	initialDomainReloadingComplete (63ms)
	LoadAllAssembliesAndSetupDomain (437ms)
		LoadAssemblies (476ms)
		RebuildTransferFunctionScriptingTraits (0ms)
		AnalyzeDomain (53ms)
			TypeCache.Refresh (18ms)
				TypeCache.ScanAssembly (4ms)
			ScanForSourceGeneratedMonoScriptInfo (19ms)
			ResolveRequiredComponents (12ms)
	FinalizeReload (1373ms)
		ReleaseScriptCaches (0ms)
		RebuildScriptCaches (0ms)
		SetupLoadedEditorAssemblies (677ms)
			LogAssemblyErrors (0ms)
			InitializePlatformSupportModulesInManaged (12ms)
			SetLoadedEditorAssemblies (4ms)
			RefreshPlugins (0ms)
			BeforeProcessingInitializeOnLoad (66ms)
			ProcessInitializeOnLoadAttributes (561ms)
			ProcessInitializeOnLoadMethodAttributes (25ms)
			AfterProcessingInitializeOnLoad (7ms)
			EditorAssembliesLoaded (0ms)
		ExecutionOrderSort2 (0ms)
		AwakeInstancesAfterBackupRestoration (6ms)
Script is not up to date after domain reload: guid(b220813d178d8724a942a2a333aa691e) path("Assets/MeniuSchimbare.cs") state(2)
Refreshing native plugins compatible for Editor in 19.12 ms, found 8 plugins.
Preloading 0 native plugins for Editor in 0.00 ms.
Unloading 4456 Unused Serialized files (Serialized files now loaded: 0)
Unloading 29 unused Assets / (33.2 KB). Loaded Objects now: 4973.
Memory consumption went from 148.9 MB to 148.9 MB.
Total: 4.222800 ms (FindLiveObjects: 0.327700 ms CreateObjectMapping: 0.232800 ms MarkObjects: 3.586200 ms  DeleteObjects: 0.074400 ms)

Prepare: number of updated asset objects reloaded= 0
AssetImportParameters requested are different than current active one (requested -> active):
  custom:container-demuxer-ogg: 62fdf1f143b41e24485cea50d1cbac27 -> 
  custom:video-codec-MediaFoundation-h265: 746d11721c4dcdbdad8f713fa42b33f4 -> 
  custom:video-decoder-ogg-theora: a1e56fd34408186e4bbccfd4996cb3dc -> 
  custom:framework-win-MediaFoundation: 216162199b28c13a410421893ffa2e32 -> 
  custom:CustomObjectIndexerAttribute: 9a22284fe3817be447336de3de66b15e -> 
  custom:container-demuxer-webm: 4f35f7cbe854078d1ac9338744f61a02 -> 
  custom:container-muxer-webm: aa71ff27fc2769a1b78a27578f13a17b -> 
  custom:video-decoder-webm-vp8: 9c59270c3fd7afecdb556c50c9e8de78 -> 
  custom:SearchIndexIgnoredProperties: e643bd26f0fe6173181afceb89e7c659 -> 
  custom:AudioImporter_EditorPlatform: d09bf68614088b80899f8185d706f6e7 -> 
  custom:scripting/monoscript/fileName/MeniuSchimbare.cs: dbf707465d583b22c6bc12ce0c338f60 -> 
  custom:video-encoder-webm-vp8: eb34c28f22e8b96e1ab97ce403110664 -> 
  custom:audio-decoder-ogg-vorbis: bf7c407c2cedff20999df2af8eb42d56 -> 
  custom:audio-encoder-webm-vorbis: bf7c407c2cedff20999df2af8eb42d56 -> 
  custom:scripting/precompiled-assembly-types:Assembly-CSharp: bbc15ab3c1c8e96d2aaf9989691d44a9 -> bf690c30d0eb984383641cab4c97498c
========================================================================
Received Prepare
Script 'Packages/com.rlabrecque.steamworks.net/Runtime/types/SteamTimeline/TimelineEventHandle_t.cs' will not be compiled because it exists outside the Assets folder and does not to belong to any assembly definition file.
Caller must complete domain reload
Script 'Packages/com.rlabrecque.steamworks.net/Runtime/types/SteamTimeline/TimelineEventHandle_t.cs' will not be compiled because it exists outside the Assets folder and does not to belong to any assembly definition file.
Begin MonoManager ReloadAssembly
- Loaded All Assemblies, in  1.543 seconds
Native extension for WindowsStandalone target not found
Native extension for WebGL target not found
Script 'Packages/com.rlabrecque.steamworks.net/Runtime/types/SteamTimeline/TimelineEventHandle_t.cs' will not be compiled because it exists outside the Assets folder and does not to belong to any assembly definition file.
Mono: successfully reloaded assembly
- Finished resetting the current domain, in  1.830 seconds
Domain Reload Profiling: 3363ms
	BeginReloadAssembly (339ms)
		ExecutionOrderSort (0ms)
		DisableScriptedObjects (7ms)
		BackupInstance (0ms)
		ReleaseScriptingObjects (0ms)
		CreateAndSetChildDomain (52ms)
	RebuildCommonClasses (138ms)
	RebuildNativeTypeToScriptingClass (135ms)
	initialDomainReloadingComplete (139ms)
	LoadAllAssembliesAndSetupDomain (782ms)
		LoadAssemblies (944ms)
		RebuildTransferFunctionScriptingTraits (0ms)
		AnalyzeDomain (75ms)
			TypeCache.Refresh (23ms)
				TypeCache.ScanAssembly (4ms)
			ScanForSourceGeneratedMonoScriptInfo (34ms)
			ResolveRequiredComponents (16ms)
	FinalizeReload (1831ms)
		ReleaseScriptCaches (0ms)
		RebuildScriptCaches (0ms)
		SetupLoadedEditorAssemblies (929ms)
			LogAssemblyErrors (0ms)
			InitializePlatformSupportModulesInManaged (16ms)
			SetLoadedEditorAssemblies (6ms)
			RefreshPlugins (0ms)
			BeforeProcessingInitializeOnLoad (111ms)
			ProcessInitializeOnLoadAttributes (751ms)
			ProcessInitializeOnLoadMethodAttributes (36ms)
			AfterProcessingInitializeOnLoad (10ms)
			EditorAssembliesLoaded (0ms)
		ExecutionOrderSort2 (0ms)
		AwakeInstancesAfterBackupRestoration (9ms)
Refreshing native plugins compatible for Editor in 21.86 ms, found 8 plugins.
Preloading 0 native plugins for Editor in 0.00 ms.
Unloading 4457 Unused Serialized files (Serialized files now loaded: 0)
Unloading 29 unused Assets / (33.2 KB). Loaded Objects now: 4977.
Memory consumption went from 148.9 MB to 148.9 MB.
Total: 5.109200 ms (FindLiveObjects: 0.625400 ms CreateObjectMapping: 0.363800 ms MarkObjects: 4.033300 ms  DeleteObjects: 0.084700 ms)

Prepare: number of updated asset objects reloaded= 0
AssetImportParameters requested are different than current active one (requested -> active):
  custom:container-demuxer-ogg: 62fdf1f143b41e24485cea50d1cbac27 -> 
  custom:video-codec-MediaFoundation-h265: 746d11721c4dcdbdad8f713fa42b33f4 -> 
  custom:video-decoder-ogg-theora: a1e56fd34408186e4bbccfd4996cb3dc -> 
  custom:framework-win-MediaFoundation: 216162199b28c13a410421893ffa2e32 -> 
  custom:CustomObjectIndexerAttribute: 9a22284fe3817be447336de3de66b15e -> 
  custom:container-demuxer-webm: 4f35f7cbe854078d1ac9338744f61a02 -> 
  custom:container-muxer-webm: aa71ff27fc2769a1b78a27578f13a17b -> 
  custom:video-decoder-webm-vp8: 9c59270c3fd7afecdb556c50c9e8de78 -> 
  custom:SearchIndexIgnoredProperties: e643bd26f0fe6173181afceb89e7c659 -> 
  custom:AudioImporter_EditorPlatform: d09bf68614088b80899f8185d706f6e7 -> 
  custom:scripting/monoscript/fileName/MeniuSchimbare.cs: dbf707465d583b22c6bc12ce0c338f60 -> 
  custom:video-encoder-webm-vp8: eb34c28f22e8b96e1ab97ce403110664 -> 
  custom:audio-decoder-ogg-vorbis: bf7c407c2cedff20999df2af8eb42d56 -> 
  custom:audio-encoder-webm-vorbis: bf7c407c2cedff20999df2af8eb42d56 -> 
  custom:scripting/precompiled-assembly-types:Assembly-CSharp: bbc15ab3c1c8e96d2aaf9989691d44a9 -> bf690c30d0eb984383641cab4c97498c
========================================================================
Received Prepare
Script 'Packages/com.rlabrecque.steamworks.net/Runtime/types/SteamTimeline/TimelineEventHandle_t.cs' will not be compiled because it exists outside the Assets folder and does not to belong to any assembly definition file.
Caller must complete domain reload
Script 'Packages/com.rlabrecque.steamworks.net/Runtime/types/SteamTimeline/TimelineEventHandle_t.cs' will not be compiled because it exists outside the Assets folder and does not to belong to any assembly definition file.
Begin MonoManager ReloadAssembly
- Loaded All Assemblies, in  0.738 seconds
Native extension for WindowsStandalone target not found
Native extension for WebGL target not found
Script 'Packages/com.rlabrecque.steamworks.net/Runtime/types/SteamTimeline/TimelineEventHandle_t.cs' will not be compiled because it exists outside the Assets folder and does not to belong to any assembly definition file.
Mono: successfully reloaded assembly
- Finished resetting the current domain, in  1.585 seconds
Domain Reload Profiling: 2318ms
	BeginReloadAssembly (203ms)
		ExecutionOrderSort (0ms)
		DisableScriptedObjects (7ms)
		BackupInstance (0ms)
		ReleaseScriptingObjects (0ms)
		CreateAndSetChildDomain (40ms)
	RebuildCommonClasses (47ms)
	RebuildNativeTypeToScriptingClass (14ms)
	initialDomainReloadingComplete (59ms)
	LoadAllAssembliesAndSetupDomain (408ms)
		LoadAssemblies (475ms)
		RebuildTransferFunctionScriptingTraits (0ms)
		AnalyzeDomain (49ms)
			TypeCache.Refresh (12ms)
				TypeCache.ScanAssembly (3ms)
			ScanForSourceGeneratedMonoScriptInfo (22ms)
			ResolveRequiredComponents (13ms)
	FinalizeReload (1586ms)
		ReleaseScriptCaches (0ms)
		RebuildScriptCaches (0ms)
		SetupLoadedEditorAssemblies (814ms)
			LogAssemblyErrors (0ms)
			InitializePlatformSupportModulesInManaged (10ms)
			SetLoadedEditorAssemblies (3ms)
			RefreshPlugins (0ms)
			BeforeProcessingInitializeOnLoad (99ms)
			ProcessInitializeOnLoadAttributes (668ms)
			ProcessInitializeOnLoadMethodAttributes (26ms)
			AfterProcessingInitializeOnLoad (7ms)
			EditorAssembliesLoaded (1ms)
		ExecutionOrderSort2 (0ms)
		AwakeInstancesAfterBackupRestoration (14ms)
Refreshing native plugins compatible for Editor in 20.08 ms, found 8 plugins.
Preloading 0 native plugins for Editor in 0.00 ms.
Unloading 4457 Unused Serialized files (Serialized files now loaded: 0)
Unloading 29 unused Assets / (33.2 KB). Loaded Objects now: 4980.
Memory consumption went from 148.8 MB to 148.8 MB.
Total: 4.222600 ms (FindLiveObjects: 0.288200 ms CreateObjectMapping: 0.184400 ms MarkObjects: 3.680000 ms  DeleteObjects: 0.068700 ms)

Prepare: number of updated asset objects reloaded= 0
AssetImportParameters requested are different than current active one (requested -> active):
  custom:container-demuxer-ogg: 62fdf1f143b41e24485cea50d1cbac27 -> 
  custom:video-codec-MediaFoundation-h265: 746d11721c4dcdbdad8f713fa42b33f4 -> 
  custom:video-decoder-ogg-theora: a1e56fd34408186e4bbccfd4996cb3dc -> 
  custom:framework-win-MediaFoundation: 216162199b28c13a410421893ffa2e32 -> 
  custom:CustomObjectIndexerAttribute: 9a22284fe3817be447336de3de66b15e -> 
  custom:container-demuxer-webm: 4f35f7cbe854078d1ac9338744f61a02 -> 
  custom:container-muxer-webm: aa71ff27fc2769a1b78a27578f13a17b -> 
  custom:video-decoder-webm-vp8: 9c59270c3fd7afecdb556c50c9e8de78 -> 
  custom:SearchIndexIgnoredProperties: e643bd26f0fe6173181afceb89e7c659 -> 
  custom:AudioImporter_EditorPlatform: d09bf68614088b80899f8185d706f6e7 -> 
  custom:scripting/monoscript/fileName/MeniuSchimbare.cs: dbf707465d583b22c6bc12ce0c338f60 -> 
  custom:video-encoder-webm-vp8: eb34c28f22e8b96e1ab97ce403110664 -> 
  custom:audio-decoder-ogg-vorbis: bf7c407c2cedff20999df2af8eb42d56 -> 
  custom:audio-encoder-webm-vorbis: bf7c407c2cedff20999df2af8eb42d56 -> 
  custom:scripting/precompiled-assembly-types:Assembly-CSharp: bbc15ab3c1c8e96d2aaf9989691d44a9 -> bf690c30d0eb984383641cab4c97498c
========================================================================
Received Prepare
Script 'Packages/com.rlabrecque.steamworks.net/Runtime/types/SteamTimeline/TimelineEventHandle_t.cs' will not be compiled because it exists outside the Assets folder and does not to belong to any assembly definition file.
Caller must complete domain reload
Script 'Packages/com.rlabrecque.steamworks.net/Runtime/types/SteamTimeline/TimelineEventHandle_t.cs' will not be compiled because it exists outside the Assets folder and does not to belong to any assembly definition file.
Begin MonoManager ReloadAssembly
- Loaded All Assemblies, in  0.773 seconds
Native extension for WindowsStandalone target not found
Native extension for WebGL target not found
Script 'Packages/com.rlabrecque.steamworks.net/Runtime/types/SteamTimeline/TimelineEventHandle_t.cs' will not be compiled because it exists outside the Assets folder and does not to belong to any assembly definition file.
Mono: successfully reloaded assembly
- Finished resetting the current domain, in  1.590 seconds
Domain Reload Profiling: 2356ms
	BeginReloadAssembly (188ms)
		ExecutionOrderSort (0ms)
		DisableScriptedObjects (5ms)
		BackupInstance (0ms)
		ReleaseScriptingObjects (0ms)
		CreateAndSetChildDomain (42ms)
	RebuildCommonClasses (38ms)
	RebuildNativeTypeToScriptingClass (18ms)
	initialDomainReloadingComplete (59ms)
	LoadAllAssembliesAndSetupDomain (463ms)
		LoadAssemblies (513ms)
		RebuildTransferFunctionScriptingTraits (0ms)
		AnalyzeDomain (53ms)
			TypeCache.Refresh (14ms)
				TypeCache.ScanAssembly (3ms)
			ScanForSourceGeneratedMonoScriptInfo (23ms)
			ResolveRequiredComponents (14ms)
	FinalizeReload (1591ms)
		ReleaseScriptCaches (0ms)
		RebuildScriptCaches (0ms)
		SetupLoadedEditorAssemblies (764ms)
			LogAssemblyErrors (0ms)
			InitializePlatformSupportModulesInManaged (9ms)
			SetLoadedEditorAssemblies (2ms)
			RefreshPlugins (0ms)
			BeforeProcessingInitializeOnLoad (75ms)
			ProcessInitializeOnLoadAttributes (640ms)
			ProcessInitializeOnLoadMethodAttributes (30ms)
			AfterProcessingInitializeOnLoad (7ms)
			EditorAssembliesLoaded (0ms)
		ExecutionOrderSort2 (0ms)
		AwakeInstancesAfterBackupRestoration (9ms)
Refreshing native plugins compatible for Editor in 17.36 ms, found 8 plugins.
Preloading 0 native plugins for Editor in 0.00 ms.
Unloading 4457 Unused Serialized files (Serialized files now loaded: 0)
Unloading 29 unused Assets / (34.2 KB). Loaded Objects now: 4983.
Memory consumption went from 148.9 MB to 148.9 MB.
Total: 5.391800 ms (FindLiveObjects: 0.337000 ms CreateObjectMapping: 0.469700 ms MarkObjects: 4.506900 ms  DeleteObjects: 0.076700 ms)

Prepare: number of updated asset objects reloaded= 0
AssetImportParameters requested are different than current active one (requested -> active):
  custom:container-demuxer-ogg: 62fdf1f143b41e24485cea50d1cbac27 -> 
  custom:video-codec-MediaFoundation-h265: 746d11721c4dcdbdad8f713fa42b33f4 -> 
  custom:video-decoder-ogg-theora: a1e56fd34408186e4bbccfd4996cb3dc -> 
  custom:framework-win-MediaFoundation: 216162199b28c13a410421893ffa2e32 -> 
  custom:CustomObjectIndexerAttribute: 9a22284fe3817be447336de3de66b15e -> 
  custom:container-demuxer-webm: 4f35f7cbe854078d1ac9338744f61a02 -> 
  custom:container-muxer-webm: aa71ff27fc2769a1b78a27578f13a17b -> 
  custom:video-decoder-webm-vp8: 9c59270c3fd7afecdb556c50c9e8de78 -> 
  custom:SearchIndexIgnoredProperties: e643bd26f0fe6173181afceb89e7c659 -> 
  custom:AudioImporter_EditorPlatform: d09bf68614088b80899f8185d706f6e7 -> 
  custom:scripting/monoscript/fileName/MeniuSchimbare.cs: dbf707465d583b22c6bc12ce0c338f60 -> 
  custom:video-encoder-webm-vp8: eb34c28f22e8b96e1ab97ce403110664 -> 
  custom:audio-decoder-ogg-vorbis: bf7c407c2cedff20999df2af8eb42d56 -> 
  custom:audio-encoder-webm-vorbis: bf7c407c2cedff20999df2af8eb42d56 -> 
  custom:scripting/precompiled-assembly-types:Assembly-CSharp: bbc15ab3c1c8e96d2aaf9989691d44a9 -> bf690c30d0eb984383641cab4c97498c
========================================================================
Received Prepare
Script 'Packages/com.rlabrecque.steamworks.net/Runtime/types/SteamTimeline/TimelineEventHandle_t.cs' will not be compiled because it exists outside the Assets folder and does not to belong to any assembly definition file.
Caller must complete domain reload
Script 'Packages/com.rlabrecque.steamworks.net/Runtime/types/SteamTimeline/TimelineEventHandle_t.cs' will not be compiled because it exists outside the Assets folder and does not to belong to any assembly definition file.
Begin MonoManager ReloadAssembly
- Loaded All Assemblies, in  0.780 seconds
Native extension for WindowsStandalone target not found
Native extension for WebGL target not found
Script 'Packages/com.rlabrecque.steamworks.net/Runtime/types/SteamTimeline/TimelineEventHandle_t.cs' will not be compiled because it exists outside the Assets folder and does not to belong to any assembly definition file.
Mono: successfully reloaded assembly
- Finished resetting the current domain, in  1.679 seconds
Domain Reload Profiling: 2452ms
	BeginReloadAssembly (228ms)
		ExecutionOrderSort (0ms)
		DisableScriptedObjects (6ms)
		BackupInstance (0ms)
		ReleaseScriptingObjects (0ms)
		CreateAndSetChildDomain (42ms)
	RebuildCommonClasses (50ms)
	RebuildNativeTypeToScriptingClass (15ms)
	initialDomainReloadingComplete (48ms)
	LoadAllAssembliesAndSetupDomain (431ms)
		LoadAssemblies (514ms)
		RebuildTransferFunctionScriptingTraits (0ms)
		AnalyzeDomain (52ms)
			TypeCache.Refresh (16ms)
				TypeCache.ScanAssembly (4ms)
			ScanForSourceGeneratedMonoScriptInfo (22ms)
			ResolveRequiredComponents (11ms)
	FinalizeReload (1680ms)
		ReleaseScriptCaches (0ms)
		RebuildScriptCaches (0ms)
		SetupLoadedEditorAssemblies (823ms)
			LogAssemblyErrors (0ms)
			InitializePlatformSupportModulesInManaged (13ms)
			SetLoadedEditorAssemblies (3ms)
			RefreshPlugins (0ms)
			BeforeProcessingInitializeOnLoad (117ms)
			ProcessInitializeOnLoadAttributes (628ms)
			ProcessInitializeOnLoadMethodAttributes (47ms)
			AfterProcessingInitializeOnLoad (15ms)
			EditorAssembliesLoaded (0ms)
		ExecutionOrderSort2 (0ms)
		AwakeInstancesAfterBackupRestoration (13ms)
Refreshing native plugins compatible for Editor in 22.55 ms, found 8 plugins.
Preloading 0 native plugins for Editor in 0.00 ms.
Unloading 4457 Unused Serialized files (Serialized files now loaded: 0)
Unloading 29 unused Assets / (33.2 KB). Loaded Objects now: 4986.
Memory consumption went from 148.9 MB to 148.9 MB.
Total: 5.481900 ms (FindLiveObjects: 0.332200 ms CreateObjectMapping: 0.249900 ms MarkObjects: 4.822300 ms  DeleteObjects: 0.075900 ms)

Prepare: number of updated asset objects reloaded= 0
AssetImportParameters requested are different than current active one (requested -> active):
  custom:container-demuxer-ogg: 62fdf1f143b41e24485cea50d1cbac27 -> 
  custom:video-codec-MediaFoundation-h265: 746d11721c4dcdbdad8f713fa42b33f4 -> 
  custom:video-decoder-ogg-theora: a1e56fd34408186e4bbccfd4996cb3dc -> 
  custom:framework-win-MediaFoundation: 216162199b28c13a410421893ffa2e32 -> 
  custom:CustomObjectIndexerAttribute: 9a22284fe3817be447336de3de66b15e -> 
  custom:container-demuxer-webm: 4f35f7cbe854078d1ac9338744f61a02 -> 
  custom:container-muxer-webm: aa71ff27fc2769a1b78a27578f13a17b -> 
  custom:video-decoder-webm-vp8: 9c59270c3fd7afecdb556c50c9e8de78 -> 
  custom:SearchIndexIgnoredProperties: e643bd26f0fe6173181afceb89e7c659 -> 
  custom:AudioImporter_EditorPlatform: d09bf68614088b80899f8185d706f6e7 -> 
  custom:scripting/monoscript/fileName/MeniuSchimbare.cs: dbf707465d583b22c6bc12ce0c338f60 -> 
  custom:video-encoder-webm-vp8: eb34c28f22e8b96e1ab97ce403110664 -> 
  custom:audio-decoder-ogg-vorbis: bf7c407c2cedff20999df2af8eb42d56 -> 
  custom:audio-encoder-webm-vorbis: bf7c407c2cedff20999df2af8eb42d56 -> 
  custom:scripting/precompiled-assembly-types:Assembly-CSharp: bbc15ab3c1c8e96d2aaf9989691d44a9 -> bf690c30d0eb984383641cab4c97498c
========================================================================
Received Prepare
Script 'Packages/com.rlabrecque.steamworks.net/Runtime/types/SteamTimeline/TimelineEventHandle_t.cs' will not be compiled because it exists outside the Assets folder and does not to belong to any assembly definition file.
Caller must complete domain reload
Script 'Packages/com.rlabrecque.steamworks.net/Runtime/types/SteamTimeline/TimelineEventHandle_t.cs' will not be compiled because it exists outside the Assets folder and does not to belong to any assembly definition file.
Begin MonoManager ReloadAssembly
- Loaded All Assemblies, in  0.782 seconds
Native extension for WindowsStandalone target not found
Native extension for WebGL target not found
Script 'Packages/com.rlabrecque.steamworks.net/Runtime/types/SteamTimeline/TimelineEventHandle_t.cs' will not be compiled because it exists outside the Assets folder and does not to belong to any assembly definition file.
Mono: successfully reloaded assembly
- Finished resetting the current domain, in  1.446 seconds
Domain Reload Profiling: 2223ms
	BeginReloadAssembly (224ms)
		ExecutionOrderSort (0ms)
		DisableScriptedObjects (10ms)
		BackupInstance (0ms)
		ReleaseScriptingObjects (0ms)
		CreateAndSetChildDomain (49ms)
	RebuildCommonClasses (49ms)
	RebuildNativeTypeToScriptingClass (20ms)
	initialDomainReloadingComplete (57ms)
	LoadAllAssembliesAndSetupDomain (426ms)
		LoadAssemblies (495ms)
		RebuildTransferFunctionScriptingTraits (0ms)
		AnalyzeDomain (49ms)
			TypeCache.Refresh (9ms)
				TypeCache.ScanAssembly (2ms)
			ScanForSourceGeneratedMonoScriptInfo (23ms)
			ResolveRequiredComponents (14ms)
	FinalizeReload (1447ms)
		ReleaseScriptCaches (0ms)
		RebuildScriptCaches (0ms)
		SetupLoadedEditorAssemblies (766ms)
			LogAssemblyErrors (0ms)
			InitializePlatformSupportModulesInManaged (6ms)
			SetLoadedEditorAssemblies (2ms)
			RefreshPlugins (0ms)
			BeforeProcessingInitializeOnLoad (78ms)
			ProcessInitializeOnLoadAttributes (652ms)
			ProcessInitializeOnLoadMethodAttributes (22ms)
			AfterProcessingInitializeOnLoad (6ms)
			EditorAssembliesLoaded (0ms)
		ExecutionOrderSort2 (0ms)
		AwakeInstancesAfterBackupRestoration (5ms)
Refreshing native plugins compatible for Editor in 23.09 ms, found 8 plugins.
Preloading 0 native plugins for Editor in 0.00 ms.
Unloading 4457 Unused Serialized files (Serialized files now loaded: 0)
Unloading 29 unused Assets / (33.3 KB). Loaded Objects now: 4989.
Memory consumption went from 148.9 MB to 148.9 MB.
Total: 5.094600 ms (FindLiveObjects: 0.477800 ms CreateObjectMapping: 0.278400 ms MarkObjects: 4.262100 ms  DeleteObjects: 0.075500 ms)

Prepare: number of updated asset objects reloaded= 0
AssetImportParameters requested are different than current active one (requested -> active):
  custom:container-demuxer-ogg: 62fdf1f143b41e24485cea50d1cbac27 -> 
  custom:video-codec-MediaFoundation-h265: 746d11721c4dcdbdad8f713fa42b33f4 -> 
  custom:video-decoder-ogg-theora: a1e56fd34408186e4bbccfd4996cb3dc -> 
  custom:framework-win-MediaFoundation: 216162199b28c13a410421893ffa2e32 -> 
  custom:CustomObjectIndexerAttribute: 9a22284fe3817be447336de3de66b15e -> 
  custom:container-demuxer-webm: 4f35f7cbe854078d1ac9338744f61a02 -> 
  custom:container-muxer-webm: aa71ff27fc2769a1b78a27578f13a17b -> 
  custom:video-decoder-webm-vp8: 9c59270c3fd7afecdb556c50c9e8de78 -> 
  custom:SearchIndexIgnoredProperties: e643bd26f0fe6173181afceb89e7c659 -> 
  custom:AudioImporter_EditorPlatform: d09bf68614088b80899f8185d706f6e7 -> 
  custom:scripting/monoscript/fileName/MeniuSchimbare.cs: dbf707465d583b22c6bc12ce0c338f60 -> 
  custom:video-encoder-webm-vp8: eb34c28f22e8b96e1ab97ce403110664 -> 
  custom:audio-decoder-ogg-vorbis: bf7c407c2cedff20999df2af8eb42d56 -> 
  custom:audio-encoder-webm-vorbis: bf7c407c2cedff20999df2af8eb42d56 -> 
  custom:scripting/precompiled-assembly-types:Assembly-CSharp: bbc15ab3c1c8e96d2aaf9989691d44a9 -> bf690c30d0eb984383641cab4c97498c
========================================================================
Received Prepare
Script 'Packages/com.rlabrecque.steamworks.net/Runtime/types/SteamTimeline/TimelineEventHandle_t.cs' will not be compiled because it exists outside the Assets folder and does not to belong to any assembly definition file.
Caller must complete domain reload
Script 'Packages/com.rlabrecque.steamworks.net/Runtime/types/SteamTimeline/TimelineEventHandle_t.cs' will not be compiled because it exists outside the Assets folder and does not to belong to any assembly definition file.
Begin MonoManager ReloadAssembly
- Loaded All Assemblies, in  0.817 seconds
Native extension for WindowsStandalone target not found
Native extension for WebGL target not found
Script 'Packages/com.rlabrecque.steamworks.net/Runtime/types/SteamTimeline/TimelineEventHandle_t.cs' will not be compiled because it exists outside the Assets folder and does not to belong to any assembly definition file.
Mono: successfully reloaded assembly
- Finished resetting the current domain, in  1.770 seconds
Domain Reload Profiling: 2582ms
	BeginReloadAssembly (230ms)
		ExecutionOrderSort (0ms)
		DisableScriptedObjects (9ms)
		BackupInstance (0ms)
		ReleaseScriptingObjects (0ms)
		CreateAndSetChildDomain (44ms)
	RebuildCommonClasses (58ms)
	RebuildNativeTypeToScriptingClass (19ms)
	initialDomainReloadingComplete (64ms)
	LoadAllAssembliesAndSetupDomain (441ms)
		LoadAssemblies (518ms)
		RebuildTransferFunctionScriptingTraits (0ms)
		AnalyzeDomain (55ms)
			TypeCache.Refresh (16ms)
				TypeCache.ScanAssembly (3ms)
			ScanForSourceGeneratedMonoScriptInfo (23ms)
			ResolveRequiredComponents (14ms)
	FinalizeReload (1770ms)
		ReleaseScriptCaches (0ms)
		RebuildScriptCaches (0ms)
		SetupLoadedEditorAssemblies (926ms)
			LogAssemblyErrors (0ms)
			InitializePlatformSupportModulesInManaged (10ms)
			SetLoadedEditorAssemblies (4ms)
			RefreshPlugins (0ms)
			BeforeProcessingInitializeOnLoad (89ms)
			ProcessInitializeOnLoadAttributes (783ms)
			ProcessInitializeOnLoadMethodAttributes (35ms)
			AfterProcessingInitializeOnLoad (5ms)
			EditorAssembliesLoaded (0ms)
		ExecutionOrderSort2 (0ms)
		AwakeInstancesAfterBackupRestoration (8ms)
Refreshing native plugins compatible for Editor in 22.74 ms, found 8 plugins.
Preloading 0 native plugins for Editor in 0.00 ms.
Unloading 4457 Unused Serialized files (Serialized files now loaded: 0)
Unloading 29 unused Assets / (33.3 KB). Loaded Objects now: 4992.
Memory consumption went from 148.9 MB to 148.9 MB.
Total: 5.415800 ms (FindLiveObjects: 0.457000 ms CreateObjectMapping: 0.485700 ms MarkObjects: 4.387200 ms  DeleteObjects: 0.084100 ms)

Prepare: number of updated asset objects reloaded= 0
AssetImportParameters requested are different than current active one (requested -> active):
  custom:container-demuxer-ogg: 62fdf1f143b41e24485cea50d1cbac27 -> 
  custom:video-codec-MediaFoundation-h265: 746d11721c4dcdbdad8f713fa42b33f4 -> 
  custom:video-decoder-ogg-theora: a1e56fd34408186e4bbccfd4996cb3dc -> 
  custom:framework-win-MediaFoundation: 216162199b28c13a410421893ffa2e32 -> 
  custom:CustomObjectIndexerAttribute: 9a22284fe3817be447336de3de66b15e -> 
  custom:container-demuxer-webm: 4f35f7cbe854078d1ac9338744f61a02 -> 
  custom:container-muxer-webm: aa71ff27fc2769a1b78a27578f13a17b -> 
  custom:video-decoder-webm-vp8: 9c59270c3fd7afecdb556c50c9e8de78 -> 
  custom:SearchIndexIgnoredProperties: e643bd26f0fe6173181afceb89e7c659 -> 
  custom:AudioImporter_EditorPlatform: d09bf68614088b80899f8185d706f6e7 -> 
  custom:scripting/monoscript/fileName/MeniuSchimbare.cs: dbf707465d583b22c6bc12ce0c338f60 -> 
  custom:video-encoder-webm-vp8: eb34c28f22e8b96e1ab97ce403110664 -> 
  custom:audio-decoder-ogg-vorbis: bf7c407c2cedff20999df2af8eb42d56 -> 
  custom:audio-encoder-webm-vorbis: bf7c407c2cedff20999df2af8eb42d56 -> 
  custom:scripting/precompiled-assembly-types:Assembly-CSharp: bbc15ab3c1c8e96d2aaf9989691d44a9 -> bf690c30d0eb984383641cab4c97498c
========================================================================
Received Prepare
Script 'Packages/com.rlabrecque.steamworks.net/Runtime/types/SteamTimeline/TimelineEventHandle_t.cs' will not be compiled because it exists outside the Assets folder and does not to belong to any assembly definition file.
Caller must complete domain reload
Script 'Packages/com.rlabrecque.steamworks.net/Runtime/types/SteamTimeline/TimelineEventHandle_t.cs' will not be compiled because it exists outside the Assets folder and does not to belong to any assembly definition file.
Begin MonoManager ReloadAssembly
- Loaded All Assemblies, in  0.737 seconds
Native extension for WindowsStandalone target not found
Native extension for WebGL target not found
Script 'Packages/com.rlabrecque.steamworks.net/Runtime/types/SteamTimeline/TimelineEventHandle_t.cs' will not be compiled because it exists outside the Assets folder and does not to belong to any assembly definition file.
Mono: successfully reloaded assembly
- Finished resetting the current domain, in  2.000 seconds
Domain Reload Profiling: 2729ms
	BeginReloadAssembly (212ms)
		ExecutionOrderSort (0ms)
		DisableScriptedObjects (6ms)
		BackupInstance (0ms)
		ReleaseScriptingObjects (0ms)
		CreateAndSetChildDomain (58ms)
	RebuildCommonClasses (36ms)
	RebuildNativeTypeToScriptingClass (17ms)
	initialDomainReloadingComplete (55ms)
	LoadAllAssembliesAndSetupDomain (408ms)
		LoadAssemblies (465ms)
		RebuildTransferFunctionScriptingTraits (0ms)
		AnalyzeDomain (50ms)
			TypeCache.Refresh (15ms)
				TypeCache.ScanAssembly (3ms)
			ScanForSourceGeneratedMonoScriptInfo (21ms)
			ResolveRequiredComponents (12ms)
	FinalizeReload (2002ms)
		ReleaseScriptCaches (0ms)
		RebuildScriptCaches (0ms)
		SetupLoadedEditorAssemblies (1078ms)
			LogAssemblyErrors (0ms)
			InitializePlatformSupportModulesInManaged (18ms)
			SetLoadedEditorAssemblies (12ms)
			RefreshPlugins (0ms)
			BeforeProcessingInitializeOnLoad (163ms)
			ProcessInitializeOnLoadAttributes (834ms)
			ProcessInitializeOnLoadMethodAttributes (41ms)
			AfterProcessingInitializeOnLoad (8ms)
			EditorAssembliesLoaded (1ms)
		ExecutionOrderSort2 (0ms)
		AwakeInstancesAfterBackupRestoration (6ms)
Refreshing native plugins compatible for Editor in 27.67 ms, found 8 plugins.
Preloading 0 native plugins for Editor in 0.00 ms.
Unloading 4457 Unused Serialized files (Serialized files now loaded: 0)
Unloading 29 unused Assets / (33.2 KB). Loaded Objects now: 4995.
Memory consumption went from 148.9 MB to 148.8 MB.
Total: 4.537100 ms (FindLiveObjects: 0.335100 ms CreateObjectMapping: 0.265400 ms MarkObjects: 3.853100 ms  DeleteObjects: 0.082000 ms)

Prepare: number of updated asset objects reloaded= 0
AssetImportParameters requested are different than current active one (requested -> active):
  custom:container-demuxer-ogg: 62fdf1f143b41e24485cea50d1cbac27 -> 
  custom:video-codec-MediaFoundation-h265: 746d11721c4dcdbdad8f713fa42b33f4 -> 
  custom:video-decoder-ogg-theora: a1e56fd34408186e4bbccfd4996cb3dc -> 
  custom:framework-win-MediaFoundation: 216162199b28c13a410421893ffa2e32 -> 
  custom:CustomObjectIndexerAttribute: 9a22284fe3817be447336de3de66b15e -> 
  custom:container-demuxer-webm: 4f35f7cbe854078d1ac9338744f61a02 -> 
  custom:container-muxer-webm: aa71ff27fc2769a1b78a27578f13a17b -> 
  custom:video-decoder-webm-vp8: 9c59270c3fd7afecdb556c50c9e8de78 -> 
  custom:SearchIndexIgnoredProperties: e643bd26f0fe6173181afceb89e7c659 -> 
  custom:AudioImporter_EditorPlatform: d09bf68614088b80899f8185d706f6e7 -> 
  custom:scripting/monoscript/fileName/MeniuSchimbare.cs: dbf707465d583b22c6bc12ce0c338f60 -> 
  custom:video-encoder-webm-vp8: eb34c28f22e8b96e1ab97ce403110664 -> 
  custom:audio-decoder-ogg-vorbis: bf7c407c2cedff20999df2af8eb42d56 -> 
  custom:audio-encoder-webm-vorbis: bf7c407c2cedff20999df2af8eb42d56 -> 
  custom:scripting/precompiled-assembly-types:Assembly-CSharp: bbc15ab3c1c8e96d2aaf9989691d44a9 -> bf690c30d0eb984383641cab4c97498c
========================================================================
Received Prepare
Script 'Packages/com.rlabrecque.steamworks.net/Runtime/types/SteamTimeline/TimelineEventHandle_t.cs' will not be compiled because it exists outside the Assets folder and does not to belong to any assembly definition file.
Caller must complete domain reload
Script 'Packages/com.rlabrecque.steamworks.net/Runtime/types/SteamTimeline/TimelineEventHandle_t.cs' will not be compiled because it exists outside the Assets folder and does not to belong to any assembly definition file.
Begin MonoManager ReloadAssembly
- Loaded All Assemblies, in  0.732 seconds
Native extension for WindowsStandalone target not found
Native extension for WebGL target not found
Script 'Packages/com.rlabrecque.steamworks.net/Runtime/types/SteamTimeline/TimelineEventHandle_t.cs' will not be compiled because it exists outside the Assets folder and does not to belong to any assembly definition file.
Mono: successfully reloaded assembly
- Finished resetting the current domain, in  1.366 seconds
Domain Reload Profiling: 2090ms
	BeginReloadAssembly (201ms)
		ExecutionOrderSort (0ms)
		DisableScriptedObjects (4ms)
		BackupInstance (0ms)
		ReleaseScriptingObjects (0ms)
		CreateAndSetChildDomain (36ms)
	RebuildCommonClasses (46ms)
	RebuildNativeTypeToScriptingClass (16ms)
	initialDomainReloadingComplete (50ms)
	LoadAllAssembliesAndSetupDomain (410ms)
		LoadAssemblies (492ms)
		RebuildTransferFunctionScriptingTraits (0ms)
		AnalyzeDomain (51ms)
			TypeCache.Refresh (12ms)
				TypeCache.ScanAssembly (2ms)
			ScanForSourceGeneratedMonoScriptInfo (23ms)
			ResolveRequiredComponents (15ms)
	FinalizeReload (1367ms)
		ReleaseScriptCaches (0ms)
		RebuildScriptCaches (0ms)
		SetupLoadedEditorAssemblies (706ms)
			LogAssemblyErrors (0ms)
			InitializePlatformSupportModulesInManaged (6ms)
			SetLoadedEditorAssemblies (3ms)
			RefreshPlugins (0ms)
			BeforeProcessingInitializeOnLoad (55ms)
			ProcessInitializeOnLoadAttributes (607ms)
			ProcessInitializeOnLoadMethodAttributes (20ms)
			AfterProcessingInitializeOnLoad (15ms)
			EditorAssembliesLoaded (1ms)
		ExecutionOrderSort2 (0ms)
		AwakeInstancesAfterBackupRestoration (10ms)
Refreshing native plugins compatible for Editor in 22.85 ms, found 8 plugins.
Preloading 0 native plugins for Editor in 0.00 ms.
Unloading 4457 Unused Serialized files (Serialized files now loaded: 0)
Unloading 29 unused Assets / (33.2 KB). Loaded Objects now: 4998.
Memory consumption went from 148.9 MB to 148.9 MB.
Total: 4.717200 ms (FindLiveObjects: 0.385500 ms CreateObjectMapping: 0.334800 ms MarkObjects: 3.927700 ms  DeleteObjects: 0.067600 ms)

Prepare: number of updated asset objects reloaded= 0
AssetImportParameters requested are different than current active one (requested -> active):
  custom:container-demuxer-ogg: 62fdf1f143b41e24485cea50d1cbac27 -> 
  custom:video-codec-MediaFoundation-h265: 746d11721c4dcdbdad8f713fa42b33f4 -> 
  custom:video-decoder-ogg-theora: a1e56fd34408186e4bbccfd4996cb3dc -> 
  custom:framework-win-MediaFoundation: 216162199b28c13a410421893ffa2e32 -> 
  custom:CustomObjectIndexerAttribute: 9a22284fe3817be447336de3de66b15e -> 
  custom:container-demuxer-webm: 4f35f7cbe854078d1ac9338744f61a02 -> 
  custom:container-muxer-webm: aa71ff27fc2769a1b78a27578f13a17b -> 
  custom:video-decoder-webm-vp8: 9c59270c3fd7afecdb556c50c9e8de78 -> 
  custom:SearchIndexIgnoredProperties: e643bd26f0fe6173181afceb89e7c659 -> 
  custom:AudioImporter_EditorPlatform: d09bf68614088b80899f8185d706f6e7 -> 
  custom:scripting/monoscript/fileName/MeniuSchimbare.cs: dbf707465d583b22c6bc12ce0c338f60 -> 
  custom:video-encoder-webm-vp8: eb34c28f22e8b96e1ab97ce403110664 -> 
  custom:audio-decoder-ogg-vorbis: bf7c407c2cedff20999df2af8eb42d56 -> 
  custom:audio-encoder-webm-vorbis: bf7c407c2cedff20999df2af8eb42d56 -> 
  custom:scripting/precompiled-assembly-types:Assembly-CSharp: bbc15ab3c1c8e96d2aaf9989691d44a9 -> bf690c30d0eb984383641cab4c97498c
========================================================================
Received Prepare
Script 'Packages/com.rlabrecque.steamworks.net/Runtime/types/SteamTimeline/TimelineEventHandle_t.cs' will not be compiled because it exists outside the Assets folder and does not to belong to any assembly definition file.
Caller must complete domain reload
Script 'Packages/com.rlabrecque.steamworks.net/Runtime/types/SteamTimeline/TimelineEventHandle_t.cs' will not be compiled because it exists outside the Assets folder and does not to belong to any assembly definition file.
Begin MonoManager ReloadAssembly
- Loaded All Assemblies, in  0.688 seconds
Native extension for WindowsStandalone target not found
Native extension for WebGL target not found
Script 'Packages/com.rlabrecque.steamworks.net/Runtime/types/SteamTimeline/TimelineEventHandle_t.cs' will not be compiled because it exists outside the Assets folder and does not to belong to any assembly definition file.
Mono: successfully reloaded assembly
- Finished resetting the current domain, in  1.218 seconds
Domain Reload Profiling: 1899ms
	BeginReloadAssembly (154ms)
		ExecutionOrderSort (0ms)
		DisableScriptedObjects (3ms)
		BackupInstance (0ms)
		ReleaseScriptingObjects (0ms)
		CreateAndSetChildDomain (29ms)
	RebuildCommonClasses (49ms)
	RebuildNativeTypeToScriptingClass (19ms)
	initialDomainReloadingComplete (57ms)
	LoadAllAssembliesAndSetupDomain (402ms)
		LoadAssemblies (444ms)
		RebuildTransferFunctionScriptingTraits (0ms)
		AnalyzeDomain (52ms)
			TypeCache.Refresh (15ms)
				TypeCache.ScanAssembly (3ms)
			ScanForSourceGeneratedMonoScriptInfo (21ms)
			ResolveRequiredComponents (12ms)
	FinalizeReload (1218ms)
		ReleaseScriptCaches (0ms)
		RebuildScriptCaches (0ms)
		SetupLoadedEditorAssemblies (628ms)
			LogAssemblyErrors (0ms)
			InitializePlatformSupportModulesInManaged (7ms)
			SetLoadedEditorAssemblies (5ms)
			RefreshPlugins (0ms)
			BeforeProcessingInitializeOnLoad (58ms)
			ProcessInitializeOnLoadAttributes (528ms)
			ProcessInitializeOnLoadMethodAttributes (22ms)
			AfterProcessingInitializeOnLoad (8ms)
			EditorAssembliesLoaded (0ms)
		ExecutionOrderSort2 (0ms)
		AwakeInstancesAfterBackupRestoration (5ms)
Refreshing native plugins compatible for Editor in 24.19 ms, found 8 plugins.
Preloading 0 native plugins for Editor in 0.00 ms.
Unloading 4457 Unused Serialized files (Serialized files now loaded: 0)
Unloading 29 unused Assets / (33.2 KB). Loaded Objects now: 5001.
Memory consumption went from 148.9 MB to 148.9 MB.
Total: 4.780900 ms (FindLiveObjects: 0.350300 ms CreateObjectMapping: 0.309800 ms MarkObjects: 4.023700 ms  DeleteObjects: 0.095000 ms)

Prepare: number of updated asset objects reloaded= 0
AssetImportParameters requested are different than current active one (requested -> active):
  custom:container-demuxer-ogg: 62fdf1f143b41e24485cea50d1cbac27 -> 
  custom:video-codec-MediaFoundation-h265: 746d11721c4dcdbdad8f713fa42b33f4 -> 
  custom:video-decoder-ogg-theora: a1e56fd34408186e4bbccfd4996cb3dc -> 
  custom:framework-win-MediaFoundation: 216162199b28c13a410421893ffa2e32 -> 
  custom:CustomObjectIndexerAttribute: 9a22284fe3817be447336de3de66b15e -> 
  custom:container-demuxer-webm: 4f35f7cbe854078d1ac9338744f61a02 -> 
  custom:container-muxer-webm: aa71ff27fc2769a1b78a27578f13a17b -> 
  custom:video-decoder-webm-vp8: 9c59270c3fd7afecdb556c50c9e8de78 -> 
  custom:SearchIndexIgnoredProperties: e643bd26f0fe6173181afceb89e7c659 -> 
  custom:AudioImporter_EditorPlatform: d09bf68614088b80899f8185d706f6e7 -> 
  custom:scripting/monoscript/fileName/MeniuSchimbare.cs: dbf707465d583b22c6bc12ce0c338f60 -> 
  custom:video-encoder-webm-vp8: eb34c28f22e8b96e1ab97ce403110664 -> 
  custom:audio-decoder-ogg-vorbis: bf7c407c2cedff20999df2af8eb42d56 -> 
  custom:audio-encoder-webm-vorbis: bf7c407c2cedff20999df2af8eb42d56 -> 
  custom:scripting/precompiled-assembly-types:Assembly-CSharp: bbc15ab3c1c8e96d2aaf9989691d44a9 -> bf690c30d0eb984383641cab4c97498c
========================================================================
Received Prepare
Script 'Packages/com.rlabrecque.steamworks.net/Runtime/types/SteamTimeline/TimelineEventHandle_t.cs' will not be compiled because it exists outside the Assets folder and does not to belong to any assembly definition file.
Caller must complete domain reload
Script 'Packages/com.rlabrecque.steamworks.net/Runtime/types/SteamTimeline/TimelineEventHandle_t.cs' will not be compiled because it exists outside the Assets folder and does not to belong to any assembly definition file.
Begin MonoManager ReloadAssembly
- Loaded All Assemblies, in  0.794 seconds
Native extension for WindowsStandalone target not found
Native extension for WebGL target not found
Script 'Packages/com.rlabrecque.steamworks.net/Runtime/types/SteamTimeline/TimelineEventHandle_t.cs' will not be compiled because it exists outside the Assets folder and does not to belong to any assembly definition file.
Mono: successfully reloaded assembly
- Finished resetting the current domain, in  1.680 seconds
Domain Reload Profiling: 2471ms
	BeginReloadAssembly (227ms)
		ExecutionOrderSort (0ms)
		DisableScriptedObjects (12ms)
		BackupInstance (0ms)
		ReleaseScriptingObjects (0ms)
		CreateAndSetChildDomain (34ms)
	RebuildCommonClasses (60ms)
	RebuildNativeTypeToScriptingClass (15ms)
	initialDomainReloadingComplete (48ms)
	LoadAllAssembliesAndSetupDomain (441ms)
		LoadAssemblies (518ms)
		RebuildTransferFunctionScriptingTraits (0ms)
		AnalyzeDomain (53ms)
			TypeCache.Refresh (14ms)
				TypeCache.ScanAssembly (3ms)
			ScanForSourceGeneratedMonoScriptInfo (25ms)
			ResolveRequiredComponents (11ms)
	FinalizeReload (1680ms)
		ReleaseScriptCaches (0ms)
		RebuildScriptCaches (0ms)
		SetupLoadedEditorAssemblies (788ms)
			LogAssemblyErrors (0ms)
			InitializePlatformSupportModulesInManaged (12ms)
			SetLoadedEditorAssemblies (5ms)
			RefreshPlugins (0ms)
			BeforeProcessingInitializeOnLoad (73ms)
			ProcessInitializeOnLoadAttributes (651ms)
			ProcessInitializeOnLoadMethodAttributes (40ms)
			AfterProcessingInitializeOnLoad (7ms)
			EditorAssembliesLoaded (0ms)
		ExecutionOrderSort2 (0ms)
		AwakeInstancesAfterBackupRestoration (7ms)
Refreshing native plugins compatible for Editor in 23.93 ms, found 8 plugins.
Preloading 0 native plugins for Editor in 0.00 ms.
Unloading 4457 Unused Serialized files (Serialized files now loaded: 0)
Unloading 29 unused Assets / (33.2 KB). Loaded Objects now: 5004.
Memory consumption went from 148.9 MB to 148.9 MB.
Total: 4.589800 ms (FindLiveObjects: 0.305900 ms CreateObjectMapping: 0.249100 ms MarkObjects: 3.961400 ms  DeleteObjects: 0.072100 ms)

Prepare: number of updated asset objects reloaded= 0
AssetImportParameters requested are different than current active one (requested -> active):
  custom:container-demuxer-ogg: 62fdf1f143b41e24485cea50d1cbac27 -> 
  custom:video-codec-MediaFoundation-h265: 746d11721c4dcdbdad8f713fa42b33f4 -> 
  custom:video-decoder-ogg-theora: a1e56fd34408186e4bbccfd4996cb3dc -> 
  custom:framework-win-MediaFoundation: 216162199b28c13a410421893ffa2e32 -> 
  custom:CustomObjectIndexerAttribute: 9a22284fe3817be447336de3de66b15e -> 
  custom:container-demuxer-webm: 4f35f7cbe854078d1ac9338744f61a02 -> 
  custom:container-muxer-webm: aa71ff27fc2769a1b78a27578f13a17b -> 
  custom:video-decoder-webm-vp8: 9c59270c3fd7afecdb556c50c9e8de78 -> 
  custom:SearchIndexIgnoredProperties: e643bd26f0fe6173181afceb89e7c659 -> 
  custom:AudioImporter_EditorPlatform: d09bf68614088b80899f8185d706f6e7 -> 
  custom:scripting/monoscript/fileName/MeniuSchimbare.cs: dbf707465d583b22c6bc12ce0c338f60 -> 
  custom:video-encoder-webm-vp8: eb34c28f22e8b96e1ab97ce403110664 -> 
  custom:audio-decoder-ogg-vorbis: bf7c407c2cedff20999df2af8eb42d56 -> 
  custom:audio-encoder-webm-vorbis: bf7c407c2cedff20999df2af8eb42d56 -> 
  custom:scripting/precompiled-assembly-types:Assembly-CSharp: bbc15ab3c1c8e96d2aaf9989691d44a9 -> bf690c30d0eb984383641cab4c97498c
========================================================================
Received Prepare
Script 'Packages/com.rlabrecque.steamworks.net/Runtime/types/SteamTimeline/TimelineEventHandle_t.cs' will not be compiled because it exists outside the Assets folder and does not to belong to any assembly definition file.
Caller must complete domain reload
Script 'Packages/com.rlabrecque.steamworks.net/Runtime/types/SteamTimeline/TimelineEventHandle_t.cs' will not be compiled because it exists outside the Assets folder and does not to belong to any assembly definition file.
Begin MonoManager ReloadAssembly
- Loaded All Assemblies, in  0.902 seconds
Native extension for WindowsStandalone target not found
Native extension for WebGL target not found
Script 'Packages/com.rlabrecque.steamworks.net/Runtime/types/SteamTimeline/TimelineEventHandle_t.cs' will not be compiled because it exists outside the Assets folder and does not to belong to any assembly definition file.
Mono: successfully reloaded assembly
- Finished resetting the current domain, in  1.802 seconds
Domain Reload Profiling: 2690ms
	BeginReloadAssembly (245ms)
		ExecutionOrderSort (0ms)
		DisableScriptedObjects (10ms)
		BackupInstance (0ms)
		ReleaseScriptingObjects (0ms)
		CreateAndSetChildDomain (50ms)
	RebuildCommonClasses (52ms)
	RebuildNativeTypeToScriptingClass (16ms)
	initialDomainReloadingComplete (103ms)
	LoadAllAssembliesAndSetupDomain (472ms)
		LoadAssemblies (536ms)
		RebuildTransferFunctionScriptingTraits (0ms)
		AnalyzeDomain (62ms)
			TypeCache.Refresh (18ms)
				TypeCache.ScanAssembly (4ms)
			ScanForSourceGeneratedMonoScriptInfo (24ms)
			ResolveRequiredComponents (16ms)
	FinalizeReload (1803ms)
		ReleaseScriptCaches (0ms)
		RebuildScriptCaches (0ms)
		SetupLoadedEditorAssemblies (826ms)
			LogAssemblyErrors (0ms)
			InitializePlatformSupportModulesInManaged (18ms)
			SetLoadedEditorAssemblies (7ms)
			RefreshPlugins (0ms)
			BeforeProcessingInitializeOnLoad (98ms)
			ProcessInitializeOnLoadAttributes (662ms)
			ProcessInitializeOnLoadMethodAttributes (30ms)
			AfterProcessingInitializeOnLoad (10ms)
			EditorAssembliesLoaded (0ms)
		ExecutionOrderSort2 (0ms)
		AwakeInstancesAfterBackupRestoration (7ms)
Refreshing native plugins compatible for Editor in 30.12 ms, found 8 plugins.
Preloading 0 native plugins for Editor in 0.00 ms.
Unloading 4457 Unused Serialized files (Serialized files now loaded: 0)
Unloading 29 unused Assets / (33.2 KB). Loaded Objects now: 5007.
Memory consumption went from 148.9 MB to 148.9 MB.
Total: 6.086500 ms (FindLiveObjects: 0.327500 ms CreateObjectMapping: 0.228600 ms MarkObjects: 5.460200 ms  DeleteObjects: 0.068500 ms)

Prepare: number of updated asset objects reloaded= 0
AssetImportParameters requested are different than current active one (requested -> active):
  custom:container-demuxer-ogg: 62fdf1f143b41e24485cea50d1cbac27 -> 
  custom:video-codec-MediaFoundation-h265: 746d11721c4dcdbdad8f713fa42b33f4 -> 
  custom:video-decoder-ogg-theora: a1e56fd34408186e4bbccfd4996cb3dc -> 
  custom:framework-win-MediaFoundation: 216162199b28c13a410421893ffa2e32 -> 
  custom:CustomObjectIndexerAttribute: 9a22284fe3817be447336de3de66b15e -> 
  custom:container-demuxer-webm: 4f35f7cbe854078d1ac9338744f61a02 -> 
  custom:container-muxer-webm: aa71ff27fc2769a1b78a27578f13a17b -> 
  custom:video-decoder-webm-vp8: 9c59270c3fd7afecdb556c50c9e8de78 -> 
  custom:SearchIndexIgnoredProperties: e643bd26f0fe6173181afceb89e7c659 -> 
  custom:AudioImporter_EditorPlatform: d09bf68614088b80899f8185d706f6e7 -> 
  custom:scripting/monoscript/fileName/MeniuSchimbare.cs: dbf707465d583b22c6bc12ce0c338f60 -> 
  custom:video-encoder-webm-vp8: eb34c28f22e8b96e1ab97ce403110664 -> 
  custom:audio-decoder-ogg-vorbis: bf7c407c2cedff20999df2af8eb42d56 -> 
  custom:audio-encoder-webm-vorbis: bf7c407c2cedff20999df2af8eb42d56 -> 
  custom:scripting/precompiled-assembly-types:Assembly-CSharp: bbc15ab3c1c8e96d2aaf9989691d44a9 -> bf690c30d0eb984383641cab4c97498c
========================================================================
Received Prepare
Script 'Packages/com.rlabrecque.steamworks.net/Runtime/types/SteamTimeline/TimelineEventHandle_t.cs' will not be compiled because it exists outside the Assets folder and does not to belong to any assembly definition file.
Caller must complete domain reload
Script 'Packages/com.rlabrecque.steamworks.net/Runtime/types/SteamTimeline/TimelineEventHandle_t.cs' will not be compiled because it exists outside the Assets folder and does not to belong to any assembly definition file.
Begin MonoManager ReloadAssembly
- Loaded All Assemblies, in  0.773 seconds
Native extension for WindowsStandalone target not found
Native extension for WebGL target not found
Script 'Packages/com.rlabrecque.steamworks.net/Runtime/types/SteamTimeline/TimelineEventHandle_t.cs' will not be compiled because it exists outside the Assets folder and does not to belong to any assembly definition file.
Mono: successfully reloaded assembly
- Finished resetting the current domain, in  1.951 seconds
Domain Reload Profiling: 2719ms
	BeginReloadAssembly (215ms)
		ExecutionOrderSort (0ms)
		DisableScriptedObjects (6ms)
		BackupInstance (0ms)
		ReleaseScriptingObjects (0ms)
		CreateAndSetChildDomain (53ms)
	RebuildCommonClasses (45ms)
	RebuildNativeTypeToScriptingClass (11ms)
	initialDomainReloadingComplete (64ms)
	LoadAllAssembliesAndSetupDomain (432ms)
		LoadAssemblies (489ms)
		RebuildTransferFunctionScriptingTraits (0ms)
		AnalyzeDomain (45ms)
			TypeCache.Refresh (12ms)
				TypeCache.ScanAssembly (3ms)
			ScanForSourceGeneratedMonoScriptInfo (18ms)
			ResolveRequiredComponents (12ms)
	FinalizeReload (1951ms)
		ReleaseScriptCaches (0ms)
		RebuildScriptCaches (0ms)
		SetupLoadedEditorAssemblies (834ms)
			LogAssemblyErrors (0ms)
			InitializePlatformSupportModulesInManaged (9ms)
			SetLoadedEditorAssemblies (4ms)
			RefreshPlugins (0ms)
			BeforeProcessingInitializeOnLoad (75ms)
			ProcessInitializeOnLoadAttributes (696ms)
			ProcessInitializeOnLoadMethodAttributes (34ms)
			AfterProcessingInitializeOnLoad (15ms)
			EditorAssembliesLoaded (0ms)
		ExecutionOrderSort2 (0ms)
		AwakeInstancesAfterBackupRestoration (8ms)
Refreshing native plugins compatible for Editor in 19.39 ms, found 8 plugins.
Preloading 0 native plugins for Editor in 0.00 ms.
Unloading 4457 Unused Serialized files (Serialized files now loaded: 0)
Unloading 29 unused Assets / (33.2 KB). Loaded Objects now: 5010.
Memory consumption went from 148.9 MB to 148.8 MB.
Total: 4.454200 ms (FindLiveObjects: 0.352600 ms CreateObjectMapping: 0.248000 ms MarkObjects: 3.757700 ms  DeleteObjects: 0.094500 ms)

Prepare: number of updated asset objects reloaded= 0
AssetImportParameters requested are different than current active one (requested -> active):
  custom:container-demuxer-ogg: 62fdf1f143b41e24485cea50d1cbac27 -> 
  custom:video-codec-MediaFoundation-h265: 746d11721c4dcdbdad8f713fa42b33f4 -> 
  custom:video-decoder-ogg-theora: a1e56fd34408186e4bbccfd4996cb3dc -> 
  custom:framework-win-MediaFoundation: 216162199b28c13a410421893ffa2e32 -> 
  custom:CustomObjectIndexerAttribute: 9a22284fe3817be447336de3de66b15e -> 
  custom:container-demuxer-webm: 4f35f7cbe854078d1ac9338744f61a02 -> 
  custom:container-muxer-webm: aa71ff27fc2769a1b78a27578f13a17b -> 
  custom:video-decoder-webm-vp8: 9c59270c3fd7afecdb556c50c9e8de78 -> 
  custom:SearchIndexIgnoredProperties: e643bd26f0fe6173181afceb89e7c659 -> 
  custom:AudioImporter_EditorPlatform: d09bf68614088b80899f8185d706f6e7 -> 
  custom:scripting/monoscript/fileName/MeniuSchimbare.cs: dbf707465d583b22c6bc12ce0c338f60 -> 
  custom:video-encoder-webm-vp8: eb34c28f22e8b96e1ab97ce403110664 -> 
  custom:audio-decoder-ogg-vorbis: bf7c407c2cedff20999df2af8eb42d56 -> 
  custom:audio-encoder-webm-vorbis: bf7c407c2cedff20999df2af8eb42d56 -> 
  custom:scripting/precompiled-assembly-types:Assembly-CSharp: bbc15ab3c1c8e96d2aaf9989691d44a9 -> bf690c30d0eb984383641cab4c97498c
========================================================================
Received Prepare
Script 'Packages/com.rlabrecque.steamworks.net/Runtime/types/SteamTimeline/TimelineEventHandle_t.cs' will not be compiled because it exists outside the Assets folder and does not to belong to any assembly definition file.
Caller must complete domain reload
Script 'Packages/com.rlabrecque.steamworks.net/Runtime/types/SteamTimeline/TimelineEventHandle_t.cs' will not be compiled because it exists outside the Assets folder and does not to belong to any assembly definition file.
Begin MonoManager ReloadAssembly
- Loaded All Assemblies, in  0.745 seconds
Native extension for WindowsStandalone target not found
Native extension for WebGL target not found
Script 'Packages/com.rlabrecque.steamworks.net/Runtime/types/SteamTimeline/TimelineEventHandle_t.cs' will not be compiled because it exists outside the Assets folder and does not to belong to any assembly definition file.
Mono: successfully reloaded assembly
- Finished resetting the current domain, in  1.444 seconds
Domain Reload Profiling: 2181ms
	BeginReloadAssembly (172ms)
		ExecutionOrderSort (0ms)
		DisableScriptedObjects (4ms)
		BackupInstance (0ms)
		ReleaseScriptingObjects (0ms)
		CreateAndSetChildDomain (35ms)
	RebuildCommonClasses (46ms)
	RebuildNativeTypeToScriptingClass (14ms)
	initialDomainReloadingComplete (56ms)
	LoadAllAssembliesAndSetupDomain (448ms)
		LoadAssemblies (501ms)
		RebuildTransferFunctionScriptingTraits (0ms)
		AnalyzeDomain (44ms)
			TypeCache.Refresh (14ms)
				TypeCache.ScanAssembly (3ms)
			ScanForSourceGeneratedMonoScriptInfo (16ms)
			ResolveRequiredComponents (8ms)
	FinalizeReload (1444ms)
		ReleaseScriptCaches (0ms)
		RebuildScriptCaches (0ms)
		SetupLoadedEditorAssemblies (701ms)
			LogAssemblyErrors (0ms)
			InitializePlatformSupportModulesInManaged (27ms)
			SetLoadedEditorAssemblies (10ms)
			RefreshPlugins (0ms)
			BeforeProcessingInitializeOnLoad (101ms)
			ProcessInitializeOnLoadAttributes (535ms)
			ProcessInitializeOnLoadMethodAttributes (20ms)
			AfterProcessingInitializeOnLoad (7ms)
			EditorAssembliesLoaded (1ms)
		ExecutionOrderSort2 (0ms)
		AwakeInstancesAfterBackupRestoration (10ms)
Refreshing native plugins compatible for Editor in 20.29 ms, found 8 plugins.
Preloading 0 native plugins for Editor in 0.00 ms.
Unloading 4457 Unused Serialized files (Serialized files now loaded: 0)
Unloading 29 unused Assets / (33.3 KB). Loaded Objects now: 5013.
Memory consumption went from 148.9 MB to 148.9 MB.
Total: 4.399700 ms (FindLiveObjects: 0.360800 ms CreateObjectMapping: 0.229800 ms MarkObjects: 3.727800 ms  DeleteObjects: 0.080000 ms)

Prepare: number of updated asset objects reloaded= 0
AssetImportParameters requested are different than current active one (requested -> active):
  custom:container-demuxer-ogg: 62fdf1f143b41e24485cea50d1cbac27 -> 
  custom:video-codec-MediaFoundation-h265: 746d11721c4dcdbdad8f713fa42b33f4 -> 
  custom:video-decoder-ogg-theora: a1e56fd34408186e4bbccfd4996cb3dc -> 
  custom:framework-win-MediaFoundation: 216162199b28c13a410421893ffa2e32 -> 
  custom:CustomObjectIndexerAttribute: 9a22284fe3817be447336de3de66b15e -> 
  custom:container-demuxer-webm: 4f35f7cbe854078d1ac9338744f61a02 -> 
  custom:container-muxer-webm: aa71ff27fc2769a1b78a27578f13a17b -> 
  custom:video-decoder-webm-vp8: 9c59270c3fd7afecdb556c50c9e8de78 -> 
  custom:SearchIndexIgnoredProperties: e643bd26f0fe6173181afceb89e7c659 -> 
  custom:AudioImporter_EditorPlatform: d09bf68614088b80899f8185d706f6e7 -> 
  custom:scripting/monoscript/fileName/MeniuSchimbare.cs: dbf707465d583b22c6bc12ce0c338f60 -> 
  custom:video-encoder-webm-vp8: eb34c28f22e8b96e1ab97ce403110664 -> 
  custom:audio-decoder-ogg-vorbis: bf7c407c2cedff20999df2af8eb42d56 -> 
  custom:audio-encoder-webm-vorbis: bf7c407c2cedff20999df2af8eb42d56 -> 
  custom:scripting/precompiled-assembly-types:Assembly-CSharp: bbc15ab3c1c8e96d2aaf9989691d44a9 -> bf690c30d0eb984383641cab4c97498c
========================================================================
Received Prepare
Script 'Packages/com.rlabrecque.steamworks.net/Runtime/types/SteamTimeline/TimelineEventHandle_t.cs' will not be compiled because it exists outside the Assets folder and does not to belong to any assembly definition file.
Caller must complete domain reload
Script 'Packages/com.rlabrecque.steamworks.net/Runtime/types/SteamTimeline/TimelineEventHandle_t.cs' will not be compiled because it exists outside the Assets folder and does not to belong to any assembly definition file.
Begin MonoManager ReloadAssembly
- Loaded All Assemblies, in  0.748 seconds
Native extension for WindowsStandalone target not found
Native extension for WebGL target not found
Script 'Packages/com.rlabrecque.steamworks.net/Runtime/types/SteamTimeline/TimelineEventHandle_t.cs' will not be compiled because it exists outside the Assets folder and does not to belong to any assembly definition file.
Mono: successfully reloaded assembly
- Finished resetting the current domain, in  1.766 seconds
Domain Reload Profiling: 2509ms
	BeginReloadAssembly (208ms)
		ExecutionOrderSort (0ms)
		DisableScriptedObjects (9ms)
		BackupInstance (0ms)
		ReleaseScriptingObjects (0ms)
		CreateAndSetChildDomain (39ms)
	RebuildCommonClasses (44ms)
	RebuildNativeTypeToScriptingClass (18ms)
	initialDomainReloadingComplete (49ms)
	LoadAllAssembliesAndSetupDomain (424ms)
		LoadAssemblies (474ms)
		RebuildTransferFunctionScriptingTraits (0ms)
		AnalyzeDomain (56ms)
			TypeCache.Refresh (21ms)
				TypeCache.ScanAssembly (6ms)
			ScanForSourceGeneratedMonoScriptInfo (21ms)
			ResolveRequiredComponents (12ms)
	FinalizeReload (1766ms)
		ReleaseScriptCaches (0ms)
		RebuildScriptCaches (0ms)
		SetupLoadedEditorAssemblies (871ms)
			LogAssemblyErrors (0ms)
			InitializePlatformSupportModulesInManaged (12ms)
			SetLoadedEditorAssemblies (3ms)
			RefreshPlugins (0ms)
			BeforeProcessingInitializeOnLoad (76ms)
			ProcessInitializeOnLoadAttributes (732ms)
			ProcessInitializeOnLoadMethodAttributes (30ms)
			AfterProcessingInitializeOnLoad (18ms)
			EditorAssembliesLoaded (0ms)
		ExecutionOrderSort2 (0ms)
		AwakeInstancesAfterBackupRestoration (19ms)
Refreshing native plugins compatible for Editor in 20.35 ms, found 8 plugins.
Preloading 0 native plugins for Editor in 0.00 ms.
Unloading 4457 Unused Serialized files (Serialized files now loaded: 0)
Unloading 29 unused Assets / (33.2 KB). Loaded Objects now: 5016.
Memory consumption went from 148.9 MB to 148.9 MB.
Total: 4.761900 ms (FindLiveObjects: 0.453400 ms CreateObjectMapping: 0.273300 ms MarkObjects: 3.963800 ms  DeleteObjects: 0.070000 ms)

Prepare: number of updated asset objects reloaded= 0
AssetImportParameters requested are different than current active one (requested -> active):
  custom:container-demuxer-ogg: 62fdf1f143b41e24485cea50d1cbac27 -> 
  custom:video-codec-MediaFoundation-h265: 746d11721c4dcdbdad8f713fa42b33f4 -> 
  custom:video-decoder-ogg-theora: a1e56fd34408186e4bbccfd4996cb3dc -> 
  custom:framework-win-MediaFoundation: 216162199b28c13a410421893ffa2e32 -> 
  custom:CustomObjectIndexerAttribute: 9a22284fe3817be447336de3de66b15e -> 
  custom:container-demuxer-webm: 4f35f7cbe854078d1ac9338744f61a02 -> 
  custom:container-muxer-webm: aa71ff27fc2769a1b78a27578f13a17b -> 
  custom:video-decoder-webm-vp8: 9c59270c3fd7afecdb556c50c9e8de78 -> 
  custom:SearchIndexIgnoredProperties: e643bd26f0fe6173181afceb89e7c659 -> 
  custom:AudioImporter_EditorPlatform: d09bf68614088b80899f8185d706f6e7 -> 
  custom:scripting/monoscript/fileName/MeniuSchimbare.cs: dbf707465d583b22c6bc12ce0c338f60 -> 
  custom:video-encoder-webm-vp8: eb34c28f22e8b96e1ab97ce403110664 -> 
  custom:audio-decoder-ogg-vorbis: bf7c407c2cedff20999df2af8eb42d56 -> 
  custom:audio-encoder-webm-vorbis: bf7c407c2cedff20999df2af8eb42d56 -> 
  custom:scripting/precompiled-assembly-types:Assembly-CSharp: bbc15ab3c1c8e96d2aaf9989691d44a9 -> bf690c30d0eb984383641cab4c97498c
========================================================================
Received Prepare
Script 'Packages/com.rlabrecque.steamworks.net/Runtime/types/SteamTimeline/TimelineEventHandle_t.cs' will not be compiled because it exists outside the Assets folder and does not to belong to any assembly definition file.
Caller must complete domain reload
Script 'Packages/com.rlabrecque.steamworks.net/Runtime/types/SteamTimeline/TimelineEventHandle_t.cs' will not be compiled because it exists outside the Assets folder and does not to belong to any assembly definition file.
Begin MonoManager ReloadAssembly
- Loaded All Assemblies, in  0.826 seconds
Native extension for WindowsStandalone target not found
Native extension for WebGL target not found
Script 'Packages/com.rlabrecque.steamworks.net/Runtime/types/SteamTimeline/TimelineEventHandle_t.cs' will not be compiled because it exists outside the Assets folder and does not to belong to any assembly definition file.
Mono: successfully reloaded assembly
- Finished resetting the current domain, in  1.761 seconds
Domain Reload Profiling: 2581ms
	BeginReloadAssembly (233ms)
		ExecutionOrderSort (0ms)
		DisableScriptedObjects (9ms)
		BackupInstance (0ms)
		ReleaseScriptingObjects (0ms)
		CreateAndSetChildDomain (44ms)
	RebuildCommonClasses (52ms)
	RebuildNativeTypeToScriptingClass (18ms)
	initialDomainReloadingComplete (55ms)
	LoadAllAssembliesAndSetupDomain (460ms)
		LoadAssemblies (539ms)
		RebuildTransferFunctionScriptingTraits (0ms)
		AnalyzeDomain (56ms)
			TypeCache.Refresh (17ms)
				TypeCache.ScanAssembly (3ms)
			ScanForSourceGeneratedMonoScriptInfo (23ms)
			ResolveRequiredComponents (13ms)
	FinalizeReload (1762ms)
		ReleaseScriptCaches (0ms)
		RebuildScriptCaches (0ms)
		SetupLoadedEditorAssemblies (848ms)
			LogAssemblyErrors (0ms)
			InitializePlatformSupportModulesInManaged (19ms)
			SetLoadedEditorAssemblies (5ms)
			RefreshPlugins (0ms)
			BeforeProcessingInitializeOnLoad (90ms)
			ProcessInitializeOnLoadAttributes (685ms)
			ProcessInitializeOnLoadMethodAttributes (38ms)
			AfterProcessingInitializeOnLoad (10ms)
			EditorAssembliesLoaded (1ms)
		ExecutionOrderSort2 (0ms)
		AwakeInstancesAfterBackupRestoration (14ms)
Refreshing native plugins compatible for Editor in 27.79 ms, found 8 plugins.
Preloading 0 native plugins for Editor in 0.00 ms.
Unloading 4457 Unused Serialized files (Serialized files now loaded: 0)
Unloading 29 unused Assets / (33.2 KB). Loaded Objects now: 5019.
Memory consumption went from 148.9 MB to 148.9 MB.
Total: 5.681900 ms (FindLiveObjects: 0.325700 ms CreateObjectMapping: 0.214500 ms MarkObjects: 5.068800 ms  DeleteObjects: 0.071400 ms)

Prepare: number of updated asset objects reloaded= 0
AssetImportParameters requested are different than current active one (requested -> active):
  custom:container-demuxer-ogg: 62fdf1f143b41e24485cea50d1cbac27 -> 
  custom:video-codec-MediaFoundation-h265: 746d11721c4dcdbdad8f713fa42b33f4 -> 
  custom:video-decoder-ogg-theora: a1e56fd34408186e4bbccfd4996cb3dc -> 
  custom:framework-win-MediaFoundation: 216162199b28c13a410421893ffa2e32 -> 
  custom:CustomObjectIndexerAttribute: 9a22284fe3817be447336de3de66b15e -> 
  custom:container-demuxer-webm: 4f35f7cbe854078d1ac9338744f61a02 -> 
  custom:container-muxer-webm: aa71ff27fc2769a1b78a27578f13a17b -> 
  custom:video-decoder-webm-vp8: 9c59270c3fd7afecdb556c50c9e8de78 -> 
  custom:SearchIndexIgnoredProperties: e643bd26f0fe6173181afceb89e7c659 -> 
  custom:AudioImporter_EditorPlatform: d09bf68614088b80899f8185d706f6e7 -> 
  custom:scripting/monoscript/fileName/MeniuSchimbare.cs: dbf707465d583b22c6bc12ce0c338f60 -> 
  custom:video-encoder-webm-vp8: eb34c28f22e8b96e1ab97ce403110664 -> 
  custom:audio-decoder-ogg-vorbis: bf7c407c2cedff20999df2af8eb42d56 -> 
  custom:audio-encoder-webm-vorbis: bf7c407c2cedff20999df2af8eb42d56 -> 
  custom:scripting/precompiled-assembly-types:Assembly-CSharp: bbc15ab3c1c8e96d2aaf9989691d44a9 -> bf690c30d0eb984383641cab4c97498c
========================================================================
Received Prepare
Script 'Packages/com.rlabrecque.steamworks.net/Runtime/types/SteamTimeline/TimelineEventHandle_t.cs' will not be compiled because it exists outside the Assets folder and does not to belong to any assembly definition file.
Caller must complete domain reload
Script 'Packages/com.rlabrecque.steamworks.net/Runtime/types/SteamTimeline/TimelineEventHandle_t.cs' will not be compiled because it exists outside the Assets folder and does not to belong to any assembly definition file.
Begin MonoManager ReloadAssembly
- Loaded All Assemblies, in  0.781 seconds
Native extension for WindowsStandalone target not found
Native extension for WebGL target not found
Script 'Packages/com.rlabrecque.steamworks.net/Runtime/types/SteamTimeline/TimelineEventHandle_t.cs' will not be compiled because it exists outside the Assets folder and does not to belong to any assembly definition file.
Mono: successfully reloaded assembly
- Finished resetting the current domain, in  1.609 seconds
Domain Reload Profiling: 2386ms
	BeginReloadAssembly (215ms)
		ExecutionOrderSort (0ms)
		DisableScriptedObjects (5ms)
		BackupInstance (0ms)
		ReleaseScriptingObjects (0ms)
		CreateAndSetChildDomain (54ms)
	RebuildCommonClasses (50ms)
	RebuildNativeTypeToScriptingClass (13ms)
	initialDomainReloadingComplete (63ms)
	LoadAllAssembliesAndSetupDomain (435ms)
		LoadAssemblies (500ms)
		RebuildTransferFunctionScriptingTraits (0ms)
		AnalyzeDomain (51ms)
			TypeCache.Refresh (14ms)
				TypeCache.ScanAssembly (3ms)
			ScanForSourceGeneratedMonoScriptInfo (22ms)
			ResolveRequiredComponents (12ms)
	FinalizeReload (1610ms)
		ReleaseScriptCaches (0ms)
		RebuildScriptCaches (0ms)
		SetupLoadedEditorAssemblies (631ms)
			LogAssemblyErrors (0ms)
			InitializePlatformSupportModulesInManaged (8ms)
			SetLoadedEditorAssemblies (3ms)
			RefreshPlugins (0ms)
			BeforeProcessingInitializeOnLoad (58ms)
			ProcessInitializeOnLoadAttributes (518ms)
			ProcessInitializeOnLoadMethodAttributes (38ms)
			AfterProcessingInitializeOnLoad (6ms)
			EditorAssembliesLoaded (0ms)
		ExecutionOrderSort2 (0ms)
		AwakeInstancesAfterBackupRestoration (9ms)
Refreshing native plugins compatible for Editor in 21.24 ms, found 8 plugins.
Preloading 0 native plugins for Editor in 0.00 ms.
Unloading 4457 Unused Serialized files (Serialized files now loaded: 0)
Unloading 29 unused Assets / (33.2 KB). Loaded Objects now: 5022.
Memory consumption went from 148.9 MB to 148.9 MB.
Total: 4.742400 ms (FindLiveObjects: 0.329300 ms CreateObjectMapping: 0.232900 ms MarkObjects: 4.085400 ms  DeleteObjects: 0.093500 ms)

Prepare: number of updated asset objects reloaded= 0
AssetImportParameters requested are different than current active one (requested -> active):
  custom:container-demuxer-ogg: 62fdf1f143b41e24485cea50d1cbac27 -> 
  custom:video-codec-MediaFoundation-h265: 746d11721c4dcdbdad8f713fa42b33f4 -> 
  custom:video-decoder-ogg-theora: a1e56fd34408186e4bbccfd4996cb3dc -> 
  custom:framework-win-MediaFoundation: 216162199b28c13a410421893ffa2e32 -> 
  custom:CustomObjectIndexerAttribute: 9a22284fe3817be447336de3de66b15e -> 
  custom:container-demuxer-webm: 4f35f7cbe854078d1ac9338744f61a02 -> 
  custom:container-muxer-webm: aa71ff27fc2769a1b78a27578f13a17b -> 
  custom:video-decoder-webm-vp8: 9c59270c3fd7afecdb556c50c9e8de78 -> 
  custom:SearchIndexIgnoredProperties: e643bd26f0fe6173181afceb89e7c659 -> 
  custom:AudioImporter_EditorPlatform: d09bf68614088b80899f8185d706f6e7 -> 
  custom:scripting/monoscript/fileName/MeniuSchimbare.cs: dbf707465d583b22c6bc12ce0c338f60 -> 
  custom:video-encoder-webm-vp8: eb34c28f22e8b96e1ab97ce403110664 -> 
  custom:audio-decoder-ogg-vorbis: bf7c407c2cedff20999df2af8eb42d56 -> 
  custom:audio-encoder-webm-vorbis: bf7c407c2cedff20999df2af8eb42d56 -> 
  custom:scripting/precompiled-assembly-types:Assembly-CSharp: bbc15ab3c1c8e96d2aaf9989691d44a9 -> bf690c30d0eb984383641cab4c97498c
========================================================================
Received Prepare
Script 'Packages/com.rlabrecque.steamworks.net/Runtime/types/SteamTimeline/TimelineEventHandle_t.cs' will not be compiled because it exists outside the Assets folder and does not to belong to any assembly definition file.
Caller must complete domain reload
Script 'Packages/com.rlabrecque.steamworks.net/Runtime/types/SteamTimeline/TimelineEventHandle_t.cs' will not be compiled because it exists outside the Assets folder and does not to belong to any assembly definition file.
Begin MonoManager ReloadAssembly
- Loaded All Assemblies, in  0.770 seconds
Native extension for WindowsStandalone target not found
Native extension for WebGL target not found
Script 'Packages/com.rlabrecque.steamworks.net/Runtime/types/SteamTimeline/TimelineEventHandle_t.cs' will not be compiled because it exists outside the Assets folder and does not to belong to any assembly definition file.
Mono: successfully reloaded assembly
- Finished resetting the current domain, in  1.775 seconds
Domain Reload Profiling: 2529ms
	BeginReloadAssembly (212ms)
		ExecutionOrderSort (0ms)
		DisableScriptedObjects (8ms)
		BackupInstance (0ms)
		ReleaseScriptingObjects (0ms)
		CreateAndSetChildDomain (37ms)
	RebuildCommonClasses (46ms)
	RebuildNativeTypeToScriptingClass (15ms)
	initialDomainReloadingComplete (54ms)
	LoadAllAssembliesAndSetupDomain (426ms)
		LoadAssemblies (505ms)
		RebuildTransferFunctionScriptingTraits (0ms)
		AnalyzeDomain (41ms)
			TypeCache.Refresh (15ms)
				TypeCache.ScanAssembly (3ms)
			ScanForSourceGeneratedMonoScriptInfo (17ms)
			ResolveRequiredComponents (7ms)
	FinalizeReload (1775ms)
		ReleaseScriptCaches (0ms)
		RebuildScriptCaches (0ms)
		SetupLoadedEditorAssemblies (796ms)
			LogAssemblyErrors (0ms)
			InitializePlatformSupportModulesInManaged (10ms)
			SetLoadedEditorAssemblies (4ms)
			RefreshPlugins (0ms)
			BeforeProcessingInitializeOnLoad (102ms)
			ProcessInitializeOnLoadAttributes (623ms)
			ProcessInitializeOnLoadMethodAttributes (42ms)
			AfterProcessingInitializeOnLoad (14ms)
			EditorAssembliesLoaded (0ms)
		ExecutionOrderSort2 (0ms)
		AwakeInstancesAfterBackupRestoration (14ms)
Refreshing native plugins compatible for Editor in 20.53 ms, found 8 plugins.
Preloading 0 native plugins for Editor in 0.00 ms.
Unloading 4457 Unused Serialized files (Serialized files now loaded: 0)
Unloading 29 unused Assets / (33.3 KB). Loaded Objects now: 5025.
Memory consumption went from 148.9 MB to 148.8 MB.
Total: 4.416700 ms (FindLiveObjects: 0.309000 ms CreateObjectMapping: 0.247500 ms MarkObjects: 3.785600 ms  DeleteObjects: 0.073200 ms)

Prepare: number of updated asset objects reloaded= 0
AssetImportParameters requested are different than current active one (requested -> active):
  custom:container-demuxer-ogg: 62fdf1f143b41e24485cea50d1cbac27 -> 
  custom:video-codec-MediaFoundation-h265: 746d11721c4dcdbdad8f713fa42b33f4 -> 
  custom:video-decoder-ogg-theora: a1e56fd34408186e4bbccfd4996cb3dc -> 
  custom:framework-win-MediaFoundation: 216162199b28c13a410421893ffa2e32 -> 
  custom:CustomObjectIndexerAttribute: 9a22284fe3817be447336de3de66b15e -> 
  custom:container-demuxer-webm: 4f35f7cbe854078d1ac9338744f61a02 -> 
  custom:container-muxer-webm: aa71ff27fc2769a1b78a27578f13a17b -> 
  custom:video-decoder-webm-vp8: 9c59270c3fd7afecdb556c50c9e8de78 -> 
  custom:SearchIndexIgnoredProperties: e643bd26f0fe6173181afceb89e7c659 -> 
  custom:AudioImporter_EditorPlatform: d09bf68614088b80899f8185d706f6e7 -> 
  custom:scripting/monoscript/fileName/MeniuSchimbare.cs: dbf707465d583b22c6bc12ce0c338f60 -> 
  custom:video-encoder-webm-vp8: eb34c28f22e8b96e1ab97ce403110664 -> 
  custom:audio-decoder-ogg-vorbis: bf7c407c2cedff20999df2af8eb42d56 -> 
  custom:audio-encoder-webm-vorbis: bf7c407c2cedff20999df2af8eb42d56 -> 
  custom:scripting/precompiled-assembly-types:Assembly-CSharp: bbc15ab3c1c8e96d2aaf9989691d44a9 -> bf690c30d0eb984383641cab4c97498c
========================================================================
Received Prepare
Script 'Packages/com.rlabrecque.steamworks.net/Runtime/types/SteamTimeline/TimelineEventHandle_t.cs' will not be compiled because it exists outside the Assets folder and does not to belong to any assembly definition file.
Caller must complete domain reload
Script 'Packages/com.rlabrecque.steamworks.net/Runtime/types/SteamTimeline/TimelineEventHandle_t.cs' will not be compiled because it exists outside the Assets folder and does not to belong to any assembly definition file.
Begin MonoManager ReloadAssembly
- Loaded All Assemblies, in  0.765 seconds
Native extension for WindowsStandalone target not found
Native extension for WebGL target not found
Script 'Packages/com.rlabrecque.steamworks.net/Runtime/types/SteamTimeline/TimelineEventHandle_t.cs' will not be compiled because it exists outside the Assets folder and does not to belong to any assembly definition file.
Mono: successfully reloaded assembly
- Finished resetting the current domain, in  1.434 seconds
Domain Reload Profiling: 2190ms
	BeginReloadAssembly (225ms)
		ExecutionOrderSort (0ms)
		DisableScriptedObjects (5ms)
		BackupInstance (0ms)
		ReleaseScriptingObjects (0ms)
		CreateAndSetChildDomain (56ms)
	RebuildCommonClasses (46ms)
	RebuildNativeTypeToScriptingClass (16ms)
	initialDomainReloadingComplete (58ms)
	LoadAllAssembliesAndSetupDomain (410ms)
		LoadAssemblies (488ms)
		RebuildTransferFunctionScriptingTraits (0ms)
		AnalyzeDomain (46ms)
			TypeCache.Refresh (12ms)
				TypeCache.ScanAssembly (2ms)
			ScanForSourceGeneratedMonoScriptInfo (19ms)
			ResolveRequiredComponents (12ms)
	FinalizeReload (1435ms)
		ReleaseScriptCaches (0ms)
		RebuildScriptCaches (0ms)
		SetupLoadedEditorAssemblies (713ms)
			LogAssemblyErrors (0ms)
			InitializePlatformSupportModulesInManaged (10ms)
			SetLoadedEditorAssemblies (4ms)
			RefreshPlugins (0ms)
			BeforeProcessingInitializeOnLoad (66ms)
			ProcessInitializeOnLoadAttributes (599ms)
			ProcessInitializeOnLoadMethodAttributes (27ms)
			AfterProcessingInitializeOnLoad (8ms)
			EditorAssembliesLoaded (0ms)
		ExecutionOrderSort2 (0ms)
		AwakeInstancesAfterBackupRestoration (10ms)
Refreshing native plugins compatible for Editor in 26.67 ms, found 8 plugins.
Preloading 0 native plugins for Editor in 0.00 ms.
Unloading 4457 Unused Serialized files (Serialized files now loaded: 0)
Unloading 29 unused Assets / (33.2 KB). Loaded Objects now: 5028.
Memory consumption went from 148.9 MB to 148.9 MB.
Total: 4.899000 ms (FindLiveObjects: 0.447000 ms CreateObjectMapping: 0.266600 ms MarkObjects: 4.111600 ms  DeleteObjects: 0.072200 ms)

Prepare: number of updated asset objects reloaded= 0
AssetImportParameters requested are different than current active one (requested -> active):
  custom:container-demuxer-ogg: 62fdf1f143b41e24485cea50d1cbac27 -> 
  custom:video-codec-MediaFoundation-h265: 746d11721c4dcdbdad8f713fa42b33f4 -> 
  custom:video-decoder-ogg-theora: a1e56fd34408186e4bbccfd4996cb3dc -> 
  custom:framework-win-MediaFoundation: 216162199b28c13a410421893ffa2e32 -> 
  custom:CustomObjectIndexerAttribute: 9a22284fe3817be447336de3de66b15e -> 
  custom:container-demuxer-webm: 4f35f7cbe854078d1ac9338744f61a02 -> 
  custom:container-muxer-webm: aa71ff27fc2769a1b78a27578f13a17b -> 
  custom:video-decoder-webm-vp8: 9c59270c3fd7afecdb556c50c9e8de78 -> 
  custom:SearchIndexIgnoredProperties: e643bd26f0fe6173181afceb89e7c659 -> 
  custom:AudioImporter_EditorPlatform: d09bf68614088b80899f8185d706f6e7 -> 
  custom:scripting/monoscript/fileName/MeniuSchimbare.cs: dbf707465d583b22c6bc12ce0c338f60 -> 
  custom:video-encoder-webm-vp8: eb34c28f22e8b96e1ab97ce403110664 -> 
  custom:audio-decoder-ogg-vorbis: bf7c407c2cedff20999df2af8eb42d56 -> 
  custom:audio-encoder-webm-vorbis: bf7c407c2cedff20999df2af8eb42d56 -> 
  custom:scripting/precompiled-assembly-types:Assembly-CSharp: bbc15ab3c1c8e96d2aaf9989691d44a9 -> bf690c30d0eb984383641cab4c97498c
========================================================================
Received Prepare
Script 'Packages/com.rlabrecque.steamworks.net/Runtime/types/SteamTimeline/TimelineEventHandle_t.cs' will not be compiled because it exists outside the Assets folder and does not to belong to any assembly definition file.
Caller must complete domain reload
Script 'Packages/com.rlabrecque.steamworks.net/Runtime/types/SteamTimeline/TimelineEventHandle_t.cs' will not be compiled because it exists outside the Assets folder and does not to belong to any assembly definition file.
Begin MonoManager ReloadAssembly
- Loaded All Assemblies, in  0.821 seconds
Native extension for WindowsStandalone target not found
Native extension for WebGL target not found
Script 'Packages/com.rlabrecque.steamworks.net/Runtime/types/SteamTimeline/TimelineEventHandle_t.cs' will not be compiled because it exists outside the Assets folder and does not to belong to any assembly definition file.
Mono: successfully reloaded assembly
- Finished resetting the current domain, in  1.892 seconds
Domain Reload Profiling: 2705ms
	BeginReloadAssembly (226ms)
		ExecutionOrderSort (0ms)
		DisableScriptedObjects (9ms)
		BackupInstance (0ms)
		ReleaseScriptingObjects (0ms)
		CreateAndSetChildDomain (49ms)
	RebuildCommonClasses (50ms)
	RebuildNativeTypeToScriptingClass (16ms)
	initialDomainReloadingComplete (54ms)
	LoadAllAssembliesAndSetupDomain (466ms)
		LoadAssemblies (532ms)
		RebuildTransferFunctionScriptingTraits (0ms)
		AnalyzeDomain (59ms)
			TypeCache.Refresh (17ms)
				TypeCache.ScanAssembly (5ms)
			ScanForSourceGeneratedMonoScriptInfo (26ms)
			ResolveRequiredComponents (14ms)
	FinalizeReload (1893ms)
		ReleaseScriptCaches (0ms)
		RebuildScriptCaches (0ms)
		SetupLoadedEditorAssemblies (978ms)
			LogAssemblyErrors (0ms)
			InitializePlatformSupportModulesInManaged (10ms)
			SetLoadedEditorAssemblies (6ms)
			RefreshPlugins (0ms)
			BeforeProcessingInitializeOnLoad (106ms)
			ProcessInitializeOnLoadAttributes (813ms)
			ProcessInitializeOnLoadMethodAttributes (32ms)
			AfterProcessingInitializeOnLoad (10ms)
			EditorAssembliesLoaded (0ms)
		ExecutionOrderSort2 (0ms)
		AwakeInstancesAfterBackupRestoration (9ms)
Refreshing native plugins compatible for Editor in 26.20 ms, found 8 plugins.
Preloading 0 native plugins for Editor in 0.00 ms.
Unloading 4457 Unused Serialized files (Serialized files now loaded: 0)
Unloading 29 unused Assets / (33.2 KB). Loaded Objects now: 5031.
Memory consumption went from 148.9 MB to 148.9 MB.
Total: 5.594900 ms (FindLiveObjects: 0.379400 ms CreateObjectMapping: 0.309200 ms MarkObjects: 4.826800 ms  DeleteObjects: 0.078000 ms)

Prepare: number of updated asset objects reloaded= 0
AssetImportParameters requested are different than current active one (requested -> active):
  custom:container-demuxer-ogg: 62fdf1f143b41e24485cea50d1cbac27 -> 
  custom:video-codec-MediaFoundation-h265: 746d11721c4dcdbdad8f713fa42b33f4 -> 
  custom:video-decoder-ogg-theora: a1e56fd34408186e4bbccfd4996cb3dc -> 
  custom:framework-win-MediaFoundation: 216162199b28c13a410421893ffa2e32 -> 
  custom:CustomObjectIndexerAttribute: 9a22284fe3817be447336de3de66b15e -> 
  custom:container-demuxer-webm: 4f35f7cbe854078d1ac9338744f61a02 -> 
  custom:container-muxer-webm: aa71ff27fc2769a1b78a27578f13a17b -> 
  custom:video-decoder-webm-vp8: 9c59270c3fd7afecdb556c50c9e8de78 -> 
  custom:SearchIndexIgnoredProperties: e643bd26f0fe6173181afceb89e7c659 -> 
  custom:AudioImporter_EditorPlatform: d09bf68614088b80899f8185d706f6e7 -> 
  custom:scripting/monoscript/fileName/MeniuSchimbare.cs: dbf707465d583b22c6bc12ce0c338f60 -> 
  custom:video-encoder-webm-vp8: eb34c28f22e8b96e1ab97ce403110664 -> 
  custom:audio-decoder-ogg-vorbis: bf7c407c2cedff20999df2af8eb42d56 -> 
  custom:audio-encoder-webm-vorbis: bf7c407c2cedff20999df2af8eb42d56 -> 
  custom:scripting/precompiled-assembly-types:Assembly-CSharp: bbc15ab3c1c8e96d2aaf9989691d44a9 -> bf690c30d0eb984383641cab4c97498c
========================================================================
Received Prepare
Script 'Packages/com.rlabrecque.steamworks.net/Runtime/types/SteamTimeline/TimelineEventHandle_t.cs' will not be compiled because it exists outside the Assets folder and does not to belong to any assembly definition file.
Caller must complete domain reload
Script 'Packages/com.rlabrecque.steamworks.net/Runtime/types/SteamTimeline/TimelineEventHandle_t.cs' will not be compiled because it exists outside the Assets folder and does not to belong to any assembly definition file.
Begin MonoManager ReloadAssembly
- Loaded All Assemblies, in  0.770 seconds
Native extension for WindowsStandalone target not found
Native extension for WebGL target not found
Script 'Packages/com.rlabrecque.steamworks.net/Runtime/types/SteamTimeline/TimelineEventHandle_t.cs' will not be compiled because it exists outside the Assets folder and does not to belong to any assembly definition file.
Mono: successfully reloaded assembly
- Finished resetting the current domain, in  1.679 seconds
Domain Reload Profiling: 2442ms
	BeginReloadAssembly (221ms)
		ExecutionOrderSort (0ms)
		DisableScriptedObjects (9ms)
		BackupInstance (0ms)
		ReleaseScriptingObjects (0ms)
		CreateAndSetChildDomain (58ms)
	RebuildCommonClasses (45ms)
	RebuildNativeTypeToScriptingClass (19ms)
	initialDomainReloadingComplete (51ms)
	LoadAllAssembliesAndSetupDomain (428ms)
		LoadAssemblies (478ms)
		RebuildTransferFunctionScriptingTraits (0ms)
		AnalyzeDomain (55ms)
			TypeCache.Refresh (16ms)
				TypeCache.ScanAssembly (5ms)
			ScanForSourceGeneratedMonoScriptInfo (23ms)
			ResolveRequiredComponents (13ms)
	FinalizeReload (1679ms)
		ReleaseScriptCaches (0ms)
		RebuildScriptCaches (0ms)
		SetupLoadedEditorAssemblies (849ms)
			LogAssemblyErrors (0ms)
			InitializePlatformSupportModulesInManaged (17ms)
			SetLoadedEditorAssemblies (4ms)
			RefreshPlugins (0ms)
			BeforeProcessingInitializeOnLoad (82ms)
			ProcessInitializeOnLoadAttributes (710ms)
			ProcessInitializeOnLoadMethodAttributes (26ms)
			AfterProcessingInitializeOnLoad (9ms)
			EditorAssembliesLoaded (0ms)
		ExecutionOrderSort2 (0ms)
		AwakeInstancesAfterBackupRestoration (7ms)
Refreshing native plugins compatible for Editor in 20.51 ms, found 8 plugins.
Preloading 0 native plugins for Editor in 0.00 ms.
Unloading 4457 Unused Serialized files (Serialized files now loaded: 0)
Unloading 29 unused Assets / (33.2 KB). Loaded Objects now: 5034.
Memory consumption went from 148.9 MB to 148.9 MB.
Total: 4.836000 ms (FindLiveObjects: 0.376700 ms CreateObjectMapping: 0.313300 ms MarkObjects: 4.072400 ms  DeleteObjects: 0.072300 ms)

Prepare: number of updated asset objects reloaded= 0
AssetImportParameters requested are different than current active one (requested -> active):
  custom:container-demuxer-ogg: 62fdf1f143b41e24485cea50d1cbac27 -> 
  custom:video-codec-MediaFoundation-h265: 746d11721c4dcdbdad8f713fa42b33f4 -> 
  custom:video-decoder-ogg-theora: a1e56fd34408186e4bbccfd4996cb3dc -> 
  custom:framework-win-MediaFoundation: 216162199b28c13a410421893ffa2e32 -> 
  custom:CustomObjectIndexerAttribute: 9a22284fe3817be447336de3de66b15e -> 
  custom:container-demuxer-webm: 4f35f7cbe854078d1ac9338744f61a02 -> 
  custom:container-muxer-webm: aa71ff27fc2769a1b78a27578f13a17b -> 
  custom:video-decoder-webm-vp8: 9c59270c3fd7afecdb556c50c9e8de78 -> 
  custom:SearchIndexIgnoredProperties: e643bd26f0fe6173181afceb89e7c659 -> 
  custom:AudioImporter_EditorPlatform: d09bf68614088b80899f8185d706f6e7 -> 
  custom:scripting/monoscript/fileName/MeniuSchimbare.cs: dbf707465d583b22c6bc12ce0c338f60 -> 
  custom:video-encoder-webm-vp8: eb34c28f22e8b96e1ab97ce403110664 -> 
  custom:audio-decoder-ogg-vorbis: bf7c407c2cedff20999df2af8eb42d56 -> 
  custom:audio-encoder-webm-vorbis: bf7c407c2cedff20999df2af8eb42d56 -> 
  custom:scripting/precompiled-assembly-types:Assembly-CSharp: bbc15ab3c1c8e96d2aaf9989691d44a9 -> bf690c30d0eb984383641cab4c97498c
========================================================================
Received Prepare
Script 'Packages/com.rlabrecque.steamworks.net/Runtime/types/SteamTimeline/TimelineEventHandle_t.cs' will not be compiled because it exists outside the Assets folder and does not to belong to any assembly definition file.
Caller must complete domain reload
Script 'Packages/com.rlabrecque.steamworks.net/Runtime/types/SteamTimeline/TimelineEventHandle_t.cs' will not be compiled because it exists outside the Assets folder and does not to belong to any assembly definition file.
Begin MonoManager ReloadAssembly
- Loaded All Assemblies, in  0.800 seconds
Native extension for WindowsStandalone target not found
Native extension for WebGL target not found
Script 'Packages/com.rlabrecque.steamworks.net/Runtime/types/SteamTimeline/TimelineEventHandle_t.cs' will not be compiled because it exists outside the Assets folder and does not to belong to any assembly definition file.
Mono: successfully reloaded assembly
- Finished resetting the current domain, in  1.620 seconds
Domain Reload Profiling: 2415ms
	BeginReloadAssembly (223ms)
		ExecutionOrderSort (0ms)
		DisableScriptedObjects (6ms)
		BackupInstance (0ms)
		ReleaseScriptingObjects (0ms)
		CreateAndSetChildDomain (53ms)
	RebuildCommonClasses (53ms)
	RebuildNativeTypeToScriptingClass (15ms)
	initialDomainReloadingComplete (60ms)
	LoadAllAssembliesAndSetupDomain (442ms)
		LoadAssemblies (500ms)
		RebuildTransferFunctionScriptingTraits (0ms)
		AnalyzeDomain (59ms)
			TypeCache.Refresh (16ms)
				TypeCache.ScanAssembly (4ms)
			ScanForSourceGeneratedMonoScriptInfo (25ms)
			ResolveRequiredComponents (15ms)
	FinalizeReload (1620ms)
		ReleaseScriptCaches (0ms)
		RebuildScriptCaches (0ms)
		SetupLoadedEditorAssemblies (790ms)
			LogAssemblyErrors (0ms)
			InitializePlatformSupportModulesInManaged (12ms)
			SetLoadedEditorAssemblies (5ms)
			RefreshPlugins (0ms)
			BeforeProcessingInitializeOnLoad (91ms)
			ProcessInitializeOnLoadAttributes (612ms)
			ProcessInitializeOnLoadMethodAttributes (58ms)
			AfterProcessingInitializeOnLoad (11ms)
			EditorAssembliesLoaded (0ms)
		ExecutionOrderSort2 (0ms)
		AwakeInstancesAfterBackupRestoration (8ms)
Refreshing native plugins compatible for Editor in 21.89 ms, found 8 plugins.
Preloading 0 native plugins for Editor in 0.00 ms.
Unloading 4457 Unused Serialized files (Serialized files now loaded: 0)
Unloading 29 unused Assets / (33.3 KB). Loaded Objects now: 5037.
Memory consumption went from 148.9 MB to 148.9 MB.
Total: 5.217700 ms (FindLiveObjects: 0.338400 ms CreateObjectMapping: 0.305200 ms MarkObjects: 4.499800 ms  DeleteObjects: 0.072700 ms)

Prepare: number of updated asset objects reloaded= 0
AssetImportParameters requested are different than current active one (requested -> active):
  custom:container-demuxer-ogg: 62fdf1f143b41e24485cea50d1cbac27 -> 
  custom:video-codec-MediaFoundation-h265: 746d11721c4dcdbdad8f713fa42b33f4 -> 
  custom:video-decoder-ogg-theora: a1e56fd34408186e4bbccfd4996cb3dc -> 
  custom:framework-win-MediaFoundation: 216162199b28c13a410421893ffa2e32 -> 
  custom:CustomObjectIndexerAttribute: 9a22284fe3817be447336de3de66b15e -> 
  custom:container-demuxer-webm: 4f35f7cbe854078d1ac9338744f61a02 -> 
  custom:container-muxer-webm: aa71ff27fc2769a1b78a27578f13a17b -> 
  custom:video-decoder-webm-vp8: 9c59270c3fd7afecdb556c50c9e8de78 -> 
  custom:SearchIndexIgnoredProperties: e643bd26f0fe6173181afceb89e7c659 -> 
  custom:AudioImporter_EditorPlatform: d09bf68614088b80899f8185d706f6e7 -> 
  custom:scripting/monoscript/fileName/MeniuSchimbare.cs: dbf707465d583b22c6bc12ce0c338f60 -> 
  custom:video-encoder-webm-vp8: eb34c28f22e8b96e1ab97ce403110664 -> 
  custom:audio-decoder-ogg-vorbis: bf7c407c2cedff20999df2af8eb42d56 -> 
  custom:audio-encoder-webm-vorbis: bf7c407c2cedff20999df2af8eb42d56 -> 
  custom:scripting/precompiled-assembly-types:Assembly-CSharp: bbc15ab3c1c8e96d2aaf9989691d44a9 -> bf690c30d0eb984383641cab4c97498c
========================================================================
Received Prepare
Script 'Packages/com.rlabrecque.steamworks.net/Runtime/types/SteamTimeline/TimelineEventHandle_t.cs' will not be compiled because it exists outside the Assets folder and does not to belong to any assembly definition file.
Caller must complete domain reload
Script 'Packages/com.rlabrecque.steamworks.net/Runtime/types/SteamTimeline/TimelineEventHandle_t.cs' will not be compiled because it exists outside the Assets folder and does not to belong to any assembly definition file.
Begin MonoManager ReloadAssembly
- Loaded All Assemblies, in  0.896 seconds
Native extension for WindowsStandalone target not found
Native extension for WebGL target not found
Script 'Packages/com.rlabrecque.steamworks.net/Runtime/types/SteamTimeline/TimelineEventHandle_t.cs' will not be compiled because it exists outside the Assets folder and does not to belong to any assembly definition file.
Mono: successfully reloaded assembly
- Finished resetting the current domain, in  1.920 seconds
Domain Reload Profiling: 2808ms
	BeginReloadAssembly (230ms)
		ExecutionOrderSort (0ms)
		DisableScriptedObjects (11ms)
		BackupInstance (0ms)
		ReleaseScriptingObjects (0ms)
		CreateAndSetChildDomain (41ms)
	RebuildCommonClasses (46ms)
	RebuildNativeTypeToScriptingClass (15ms)
	initialDomainReloadingComplete (53ms)
	LoadAllAssembliesAndSetupDomain (543ms)
		LoadAssemblies (606ms)
		RebuildTransferFunctionScriptingTraits (0ms)
		AnalyzeDomain (70ms)
			TypeCache.Refresh (18ms)
				TypeCache.ScanAssembly (5ms)
			ScanForSourceGeneratedMonoScriptInfo (31ms)
			ResolveRequiredComponents (18ms)
	FinalizeReload (1921ms)
		ReleaseScriptCaches (0ms)
		RebuildScriptCaches (0ms)
		SetupLoadedEditorAssemblies (881ms)
			LogAssemblyErrors (0ms)
			InitializePlatformSupportModulesInManaged (11ms)
			SetLoadedEditorAssemblies (5ms)
			RefreshPlugins (0ms)
			BeforeProcessingInitializeOnLoad (82ms)
			ProcessInitializeOnLoadAttributes (711ms)
			ProcessInitializeOnLoadMethodAttributes (52ms)
			AfterProcessingInitializeOnLoad (20ms)
			EditorAssembliesLoaded (1ms)
		ExecutionOrderSort2 (0ms)
		AwakeInstancesAfterBackupRestoration (14ms)
Refreshing native plugins compatible for Editor in 130.56 ms, found 8 plugins.
Preloading 0 native plugins for Editor in 0.00 ms.
Unloading 4457 Unused Serialized files (Serialized files now loaded: 0)
Unloading 29 unused Assets / (33.3 KB). Loaded Objects now: 5040.
Memory consumption went from 148.9 MB to 148.8 MB.
Total: 6.667400 ms (FindLiveObjects: 0.624300 ms CreateObjectMapping: 0.284300 ms MarkObjects: 5.623200 ms  DeleteObjects: 0.133900 ms)

Prepare: number of updated asset objects reloaded= 0
AssetImportParameters requested are different than current active one (requested -> active):
  custom:container-demuxer-ogg: 62fdf1f143b41e24485cea50d1cbac27 -> 
  custom:video-codec-MediaFoundation-h265: 746d11721c4dcdbdad8f713fa42b33f4 -> 
  custom:video-decoder-ogg-theora: a1e56fd34408186e4bbccfd4996cb3dc -> 
  custom:framework-win-MediaFoundation: 216162199b28c13a410421893ffa2e32 -> 
  custom:CustomObjectIndexerAttribute: 9a22284fe3817be447336de3de66b15e -> 
  custom:container-demuxer-webm: 4f35f7cbe854078d1ac9338744f61a02 -> 
  custom:container-muxer-webm: aa71ff27fc2769a1b78a27578f13a17b -> 
  custom:video-decoder-webm-vp8: 9c59270c3fd7afecdb556c50c9e8de78 -> 
  custom:SearchIndexIgnoredProperties: e643bd26f0fe6173181afceb89e7c659 -> 
  custom:AudioImporter_EditorPlatform: d09bf68614088b80899f8185d706f6e7 -> 
  custom:scripting/monoscript/fileName/MeniuSchimbare.cs: dbf707465d583b22c6bc12ce0c338f60 -> 
  custom:video-encoder-webm-vp8: eb34c28f22e8b96e1ab97ce403110664 -> 
  custom:audio-decoder-ogg-vorbis: bf7c407c2cedff20999df2af8eb42d56 -> 
  custom:audio-encoder-webm-vorbis: bf7c407c2cedff20999df2af8eb42d56 -> 
  custom:scripting/precompiled-assembly-types:Assembly-CSharp: bbc15ab3c1c8e96d2aaf9989691d44a9 -> bf690c30d0eb984383641cab4c97498c
========================================================================
Received Prepare
Script 'Packages/com.rlabrecque.steamworks.net/Runtime/types/SteamTimeline/TimelineEventHandle_t.cs' will not be compiled because it exists outside the Assets folder and does not to belong to any assembly definition file.
Caller must complete domain reload
Script 'Packages/com.rlabrecque.steamworks.net/Runtime/types/SteamTimeline/TimelineEventHandle_t.cs' will not be compiled because it exists outside the Assets folder and does not to belong to any assembly definition file.
Begin MonoManager ReloadAssembly
- Loaded All Assemblies, in  0.645 seconds
Native extension for WindowsStandalone target not found
Native extension for WebGL target not found
Script 'Packages/com.rlabrecque.steamworks.net/Runtime/types/SteamTimeline/TimelineEventHandle_t.cs' will not be compiled because it exists outside the Assets folder and does not to belong to any assembly definition file.
Mono: successfully reloaded assembly
- Finished resetting the current domain, in  1.068 seconds
Domain Reload Profiling: 1711ms
	BeginReloadAssembly (169ms)
		ExecutionOrderSort (0ms)
		DisableScriptedObjects (4ms)
		BackupInstance (0ms)
		ReleaseScriptingObjects (0ms)
		CreateAndSetChildDomain (35ms)
	RebuildCommonClasses (39ms)
	RebuildNativeTypeToScriptingClass (10ms)
	initialDomainReloadingComplete (44ms)
	LoadAllAssembliesAndSetupDomain (381ms)
		LoadAssemblies (443ms)
		RebuildTransferFunctionScriptingTraits (0ms)
		AnalyzeDomain (38ms)
			TypeCache.Refresh (11ms)
				TypeCache.ScanAssembly (2ms)
			ScanForSourceGeneratedMonoScriptInfo (18ms)
			ResolveRequiredComponents (8ms)
	FinalizeReload (1069ms)
		ReleaseScriptCaches (0ms)
		RebuildScriptCaches (0ms)
		SetupLoadedEditorAssemblies (486ms)
			LogAssemblyErrors (0ms)
			InitializePlatformSupportModulesInManaged (9ms)
			SetLoadedEditorAssemblies (3ms)
			RefreshPlugins (0ms)
			BeforeProcessingInitializeOnLoad (53ms)
			ProcessInitializeOnLoadAttributes (398ms)
			ProcessInitializeOnLoadMethodAttributes (17ms)
			AfterProcessingInitializeOnLoad (5ms)
			EditorAssembliesLoaded (0ms)
		ExecutionOrderSort2 (0ms)
		AwakeInstancesAfterBackupRestoration (5ms)
Refreshing native plugins compatible for Editor in 19.53 ms, found 8 plugins.
Preloading 0 native plugins for Editor in 0.00 ms.
Unloading 4457 Unused Serialized files (Serialized files now loaded: 0)
Unloading 29 unused Assets / (33.2 KB). Loaded Objects now: 5043.
Memory consumption went from 148.9 MB to 148.9 MB.
Total: 5.829100 ms (FindLiveObjects: 0.398600 ms CreateObjectMapping: 0.292000 ms MarkObjects: 5.052400 ms  DeleteObjects: 0.084100 ms)

Prepare: number of updated asset objects reloaded= 0
AssetImportParameters requested are different than current active one (requested -> active):
  custom:container-demuxer-ogg: 62fdf1f143b41e24485cea50d1cbac27 -> 
  custom:video-codec-MediaFoundation-h265: 746d11721c4dcdbdad8f713fa42b33f4 -> 
  custom:video-decoder-ogg-theora: a1e56fd34408186e4bbccfd4996cb3dc -> 
  custom:framework-win-MediaFoundation: 216162199b28c13a410421893ffa2e32 -> 
  custom:CustomObjectIndexerAttribute: 9a22284fe3817be447336de3de66b15e -> 
  custom:container-demuxer-webm: 4f35f7cbe854078d1ac9338744f61a02 -> 
  custom:container-muxer-webm: aa71ff27fc2769a1b78a27578f13a17b -> 
  custom:video-decoder-webm-vp8: 9c59270c3fd7afecdb556c50c9e8de78 -> 
  custom:SearchIndexIgnoredProperties: e643bd26f0fe6173181afceb89e7c659 -> 
  custom:AudioImporter_EditorPlatform: d09bf68614088b80899f8185d706f6e7 -> 
  custom:scripting/monoscript/fileName/MeniuSchimbare.cs: dbf707465d583b22c6bc12ce0c338f60 -> 
  custom:video-encoder-webm-vp8: eb34c28f22e8b96e1ab97ce403110664 -> 
  custom:audio-decoder-ogg-vorbis: bf7c407c2cedff20999df2af8eb42d56 -> 
  custom:audio-encoder-webm-vorbis: bf7c407c2cedff20999df2af8eb42d56 -> 
  custom:scripting/precompiled-assembly-types:Assembly-CSharp: bbc15ab3c1c8e96d2aaf9989691d44a9 -> bf690c30d0eb984383641cab4c97498c
========================================================================
Received Prepare
Script 'Packages/com.rlabrecque.steamworks.net/Runtime/types/SteamTimeline/TimelineEventHandle_t.cs' will not be compiled because it exists outside the Assets folder and does not to belong to any assembly definition file.
Caller must complete domain reload
Script 'Packages/com.rlabrecque.steamworks.net/Runtime/types/SteamTimeline/TimelineEventHandle_t.cs' will not be compiled because it exists outside the Assets folder and does not to belong to any assembly definition file.
Begin MonoManager ReloadAssembly
- Loaded All Assemblies, in  0.544 seconds
Native extension for WindowsStandalone target not found
Native extension for WebGL target not found
Script 'Packages/com.rlabrecque.steamworks.net/Runtime/types/SteamTimeline/TimelineEventHandle_t.cs' will not be compiled because it exists outside the Assets folder and does not to belong to any assembly definition file.
Mono: successfully reloaded assembly
- Finished resetting the current domain, in  0.932 seconds
Domain Reload Profiling: 1472ms
	BeginReloadAssembly (180ms)
		ExecutionOrderSort (0ms)
		DisableScriptedObjects (6ms)
		BackupInstance (0ms)
		ReleaseScriptingObjects (0ms)
		CreateAndSetChildDomain (29ms)
	RebuildCommonClasses (31ms)
	RebuildNativeTypeToScriptingClass (12ms)
	initialDomainReloadingComplete (42ms)
	LoadAllAssembliesAndSetupDomain (275ms)
		LoadAssemblies (358ms)
		RebuildTransferFunctionScriptingTraits (0ms)
		AnalyzeDomain (29ms)
			TypeCache.Refresh (9ms)
				TypeCache.ScanAssembly (2ms)
			ScanForSourceGeneratedMonoScriptInfo (12ms)
			ResolveRequiredComponents (6ms)
	FinalizeReload (932ms)
		ReleaseScriptCaches (0ms)
		RebuildScriptCaches (0ms)
		SetupLoadedEditorAssemblies (506ms)
			LogAssemblyErrors (0ms)
			InitializePlatformSupportModulesInManaged (7ms)
			SetLoadedEditorAssemblies (2ms)
			RefreshPlugins (0ms)
			BeforeProcessingInitializeOnLoad (67ms)
			ProcessInitializeOnLoadAttributes (402ms)
			ProcessInitializeOnLoadMethodAttributes (19ms)
			AfterProcessingInitializeOnLoad (8ms)
			EditorAssembliesLoaded (0ms)
		ExecutionOrderSort2 (0ms)
		AwakeInstancesAfterBackupRestoration (5ms)
Refreshing native plugins compatible for Editor in 19.07 ms, found 8 plugins.
Preloading 0 native plugins for Editor in 0.00 ms.
Unloading 4457 Unused Serialized files (Serialized files now loaded: 0)
Unloading 29 unused Assets / (33.2 KB). Loaded Objects now: 5046.
Memory consumption went from 148.9 MB to 148.9 MB.
Total: 5.968500 ms (FindLiveObjects: 0.315000 ms CreateObjectMapping: 0.244100 ms MarkObjects: 5.335600 ms  DeleteObjects: 0.070000 ms)

Prepare: number of updated asset objects reloaded= 0
AssetImportParameters requested are different than current active one (requested -> active):
  custom:container-demuxer-ogg: 62fdf1f143b41e24485cea50d1cbac27 -> 
  custom:video-codec-MediaFoundation-h265: 746d11721c4dcdbdad8f713fa42b33f4 -> 
  custom:video-decoder-ogg-theora: a1e56fd34408186e4bbccfd4996cb3dc -> 
  custom:framework-win-MediaFoundation: 216162199b28c13a410421893ffa2e32 -> 
  custom:CustomObjectIndexerAttribute: 9a22284fe3817be447336de3de66b15e -> 
  custom:container-demuxer-webm: 4f35f7cbe854078d1ac9338744f61a02 -> 
  custom:container-muxer-webm: aa71ff27fc2769a1b78a27578f13a17b -> 
  custom:video-decoder-webm-vp8: 9c59270c3fd7afecdb556c50c9e8de78 -> 
  custom:SearchIndexIgnoredProperties: e643bd26f0fe6173181afceb89e7c659 -> 
  custom:AudioImporter_EditorPlatform: d09bf68614088b80899f8185d706f6e7 -> 
  custom:scripting/monoscript/fileName/MeniuSchimbare.cs: dbf707465d583b22c6bc12ce0c338f60 -> 
  custom:video-encoder-webm-vp8: eb34c28f22e8b96e1ab97ce403110664 -> 
  custom:audio-decoder-ogg-vorbis: bf7c407c2cedff20999df2af8eb42d56 -> 
  custom:audio-encoder-webm-vorbis: bf7c407c2cedff20999df2af8eb42d56 -> 
  custom:scripting/precompiled-assembly-types:Assembly-CSharp: dba5ea44bf2a4705cbbbe73ff6e2fa15 -> bf690c30d0eb984383641cab4c97498c
========================================================================
Received Prepare
Script 'Packages/com.rlabrecque.steamworks.net/Runtime/types/SteamTimeline/TimelineEventHandle_t.cs' will not be compiled because it exists outside the Assets folder and does not to belong to any assembly definition file.
Caller must complete domain reload
Script 'Packages/com.rlabrecque.steamworks.net/Runtime/types/SteamTimeline/TimelineEventHandle_t.cs' will not be compiled because it exists outside the Assets folder and does not to belong to any assembly definition file.
Begin MonoManager ReloadAssembly
- Loaded All Assemblies, in 10.092 seconds
Native extension for WindowsStandalone target not found
Native extension for WebGL target not found
Script 'Packages/com.rlabrecque.steamworks.net/Runtime/types/SteamTimeline/TimelineEventHandle_t.cs' will not be compiled because it exists outside the Assets folder and does not to belong to any assembly definition file.
Mono: successfully reloaded assembly
- Finished resetting the current domain, in 36.007 seconds
Domain Reload Profiling: 46082ms
	BeginReloadAssembly (126ms)
		ExecutionOrderSort (0ms)
		DisableScriptedObjects (3ms)
		BackupInstance (0ms)
		ReleaseScriptingObjects (0ms)
		CreateAndSetChildDomain (25ms)
	RebuildCommonClasses (347ms)
	RebuildNativeTypeToScriptingClass (10ms)
	initialDomainReloadingComplete (38ms)
	LoadAllAssembliesAndSetupDomain (9555ms)
		LoadAssemblies (9591ms)
		RebuildTransferFunctionScriptingTraits (0ms)
		AnalyzeDomain (35ms)
			TypeCache.Refresh (10ms)
				TypeCache.ScanAssembly (2ms)
			ScanForSourceGeneratedMonoScriptInfo (17ms)
			ResolveRequiredComponents (7ms)
	FinalizeReload (36007ms)
		ReleaseScriptCaches (0ms)
		RebuildScriptCaches (0ms)
		SetupLoadedEditorAssemblies (475ms)
			LogAssemblyErrors (0ms)
			InitializePlatformSupportModulesInManaged (6ms)
			SetLoadedEditorAssemblies (2ms)
			RefreshPlugins (0ms)
			BeforeProcessingInitializeOnLoad (78ms)
			ProcessInitializeOnLoadAttributes (364ms)
			ProcessInitializeOnLoadMethodAttributes (20ms)
			AfterProcessingInitializeOnLoad (5ms)
			EditorAssembliesLoaded (0ms)
		ExecutionOrderSort2 (0ms)
		AwakeInstancesAfterBackupRestoration (6ms)
Script is not up to date after domain reload: guid(a89116c0de463ad4e9bdc006feef42a7) path("Assets/Scripts/Ofline/GameManager.cs") state(2)
Refreshing native plugins compatible for Editor in 38.06 ms, found 8 plugins.
Preloading 0 native plugins for Editor in 0.00 ms.
Unloading 4456 Unused Serialized files (Serialized files now loaded: 0)
Unloading 29 unused Assets / (33.2 KB). Loaded Objects now: 5048.
Memory consumption went from 148.9 MB to 148.9 MB.
Total: 4.687000 ms (FindLiveObjects: 0.230800 ms CreateObjectMapping: 0.124800 ms MarkObjects: 4.144000 ms  DeleteObjects: 0.185800 ms)

Prepare: number of updated asset objects reloaded= 0
AssetImportParameters requested are different than current active one (requested -> active):
  custom:container-demuxer-ogg: 62fdf1f143b41e24485cea50d1cbac27 -> 
  custom:video-codec-MediaFoundation-h265: 746d11721c4dcdbdad8f713fa42b33f4 -> 
  custom:video-decoder-ogg-theora: a1e56fd34408186e4bbccfd4996cb3dc -> 
  custom:framework-win-MediaFoundation: 216162199b28c13a410421893ffa2e32 -> 
  custom:CustomObjectIndexerAttribute: 9a22284fe3817be447336de3de66b15e -> 
  custom:container-demuxer-webm: 4f35f7cbe854078d1ac9338744f61a02 -> 
  custom:container-muxer-webm: aa71ff27fc2769a1b78a27578f13a17b -> 
  custom:video-decoder-webm-vp8: 9c59270c3fd7afecdb556c50c9e8de78 -> 
  custom:SearchIndexIgnoredProperties: e643bd26f0fe6173181afceb89e7c659 -> 
  custom:AudioImporter_EditorPlatform: d09bf68614088b80899f8185d706f6e7 -> 
  custom:scripting/monoscript/fileName/MeniuSchimbare.cs: dbf707465d583b22c6bc12ce0c338f60 -> 
  custom:video-encoder-webm-vp8: eb34c28f22e8b96e1ab97ce403110664 -> 
  custom:audio-decoder-ogg-vorbis: bf7c407c2cedff20999df2af8eb42d56 -> 
  custom:audio-encoder-webm-vorbis: bf7c407c2cedff20999df2af8eb42d56 -> 
  custom:scripting/precompiled-assembly-types:Assembly-CSharp: dba5ea44bf2a4705cbbbe73ff6e2fa15 -> bf690c30d0eb984383641cab4c97498c
========================================================================
Received Prepare
Script 'Packages/com.rlabrecque.steamworks.net/Runtime/types/SteamTimeline/TimelineEventHandle_t.cs' will not be compiled because it exists outside the Assets folder and does not to belong to any assembly definition file.
Caller must complete domain reload
Script 'Packages/com.rlabrecque.steamworks.net/Runtime/types/SteamTimeline/TimelineEventHandle_t.cs' will not be compiled because it exists outside the Assets folder and does not to belong to any assembly definition file.
Begin MonoManager ReloadAssembly
- Loaded All Assemblies, in  0.418 seconds
Native extension for WindowsStandalone target not found
Native extension for WebGL target not found
Script 'Packages/com.rlabrecque.steamworks.net/Runtime/types/SteamTimeline/TimelineEventHandle_t.cs' will not be compiled because it exists outside the Assets folder and does not to belong to any assembly definition file.
Mono: successfully reloaded assembly
- Finished resetting the current domain, in  0.883 seconds
Domain Reload Profiling: 1297ms
	BeginReloadAssembly (115ms)
		ExecutionOrderSort (0ms)
		DisableScriptedObjects (4ms)
		BackupInstance (0ms)
		ReleaseScriptingObjects (0ms)
		CreateAndSetChildDomain (22ms)
	RebuildCommonClasses (25ms)
	RebuildNativeTypeToScriptingClass (7ms)
	initialDomainReloadingComplete (33ms)
	LoadAllAssembliesAndSetupDomain (233ms)
		LoadAssemblies (265ms)
		RebuildTransferFunctionScriptingTraits (0ms)
		AnalyzeDomain (33ms)
			TypeCache.Refresh (12ms)
				TypeCache.ScanAssembly (2ms)
			ScanForSourceGeneratedMonoScriptInfo (13ms)
			ResolveRequiredComponents (7ms)
	FinalizeReload (883ms)
		ReleaseScriptCaches (0ms)
		RebuildScriptCaches (0ms)
		SetupLoadedEditorAssemblies (460ms)
			LogAssemblyErrors (0ms)
			InitializePlatformSupportModulesInManaged (7ms)
			SetLoadedEditorAssemblies (2ms)
			RefreshPlugins (0ms)
			BeforeProcessingInitializeOnLoad (55ms)
			ProcessInitializeOnLoadAttributes (373ms)
			ProcessInitializeOnLoadMethodAttributes (17ms)
			AfterProcessingInitializeOnLoad (5ms)
			EditorAssembliesLoaded (1ms)
		ExecutionOrderSort2 (0ms)
		AwakeInstancesAfterBackupRestoration (8ms)
Refreshing native plugins compatible for Editor in 18.46 ms, found 8 plugins.
Preloading 0 native plugins for Editor in 0.00 ms.
Unloading 4457 Unused Serialized files (Serialized files now loaded: 0)
Unloading 29 unused Assets / (34.2 KB). Loaded Objects now: 5052.
Memory consumption went from 149.0 MB to 148.9 MB.
Total: 3.826600 ms (FindLiveObjects: 0.295000 ms CreateObjectMapping: 0.189000 ms MarkObjects: 3.268800 ms  DeleteObjects: 0.072700 ms)

Prepare: number of updated asset objects reloaded= 0
AssetImportParameters requested are different than current active one (requested -> active):
  custom:container-demuxer-ogg: 62fdf1f143b41e24485cea50d1cbac27 -> 
  custom:video-codec-MediaFoundation-h265: 746d11721c4dcdbdad8f713fa42b33f4 -> 
  custom:video-decoder-ogg-theora: a1e56fd34408186e4bbccfd4996cb3dc -> 
  custom:framework-win-MediaFoundation: 216162199b28c13a410421893ffa2e32 -> 
  custom:CustomObjectIndexerAttribute: 9a22284fe3817be447336de3de66b15e -> 
  custom:container-demuxer-webm: 4f35f7cbe854078d1ac9338744f61a02 -> 
  custom:container-muxer-webm: aa71ff27fc2769a1b78a27578f13a17b -> 
  custom:video-decoder-webm-vp8: 9c59270c3fd7afecdb556c50c9e8de78 -> 
  custom:SearchIndexIgnoredProperties: e643bd26f0fe6173181afceb89e7c659 -> 
  custom:AudioImporter_EditorPlatform: d09bf68614088b80899f8185d706f6e7 -> 
  custom:scripting/monoscript/fileName/MeniuSchimbare.cs: dbf707465d583b22c6bc12ce0c338f60 -> 
  custom:video-encoder-webm-vp8: eb34c28f22e8b96e1ab97ce403110664 -> 
  custom:audio-decoder-ogg-vorbis: bf7c407c2cedff20999df2af8eb42d56 -> 
  custom:audio-encoder-webm-vorbis: bf7c407c2cedff20999df2af8eb42d56 -> 
  custom:scripting/precompiled-assembly-types:Assembly-CSharp: dba5ea44bf2a4705cbbbe73ff6e2fa15 -> bf690c30d0eb984383641cab4c97498c
========================================================================
Received Prepare
Script 'Packages/com.rlabrecque.steamworks.net/Runtime/types/SteamTimeline/TimelineEventHandle_t.cs' will not be compiled because it exists outside the Assets folder and does not to belong to any assembly definition file.
Caller must complete domain reload
Script 'Packages/com.rlabrecque.steamworks.net/Runtime/types/SteamTimeline/TimelineEventHandle_t.cs' will not be compiled because it exists outside the Assets folder and does not to belong to any assembly definition file.
Begin MonoManager ReloadAssembly
- Loaded All Assemblies, in  0.559 seconds
Native extension for WindowsStandalone target not found
Native extension for WebGL target not found
Script 'Packages/com.rlabrecque.steamworks.net/Runtime/types/SteamTimeline/TimelineEventHandle_t.cs' will not be compiled because it exists outside the Assets folder and does not to belong to any assembly definition file.
Mono: successfully reloaded assembly
- Finished resetting the current domain, in  0.937 seconds
Domain Reload Profiling: 1489ms
	BeginReloadAssembly (212ms)
		ExecutionOrderSort (0ms)
		DisableScriptedObjects (8ms)
		BackupInstance (0ms)
		ReleaseScriptingObjects (0ms)
		CreateAndSetChildDomain (61ms)
	RebuildCommonClasses (34ms)
	RebuildNativeTypeToScriptingClass (8ms)
	initialDomainReloadingComplete (39ms)
	LoadAllAssembliesAndSetupDomain (259ms)
		LoadAssemblies (318ms)
		RebuildTransferFunctionScriptingTraits (0ms)
		AnalyzeDomain (33ms)
			TypeCache.Refresh (9ms)
				TypeCache.ScanAssembly (2ms)
			ScanForSourceGeneratedMonoScriptInfo (12ms)
			ResolveRequiredComponents (11ms)
	FinalizeReload (937ms)
		ReleaseScriptCaches (0ms)
		RebuildScriptCaches (0ms)
		SetupLoadedEditorAssemblies (500ms)
			LogAssemblyErrors (0ms)
			InitializePlatformSupportModulesInManaged (12ms)
			SetLoadedEditorAssemblies (3ms)
			RefreshPlugins (0ms)
			BeforeProcessingInitializeOnLoad (79ms)
			ProcessInitializeOnLoadAttributes (383ms)
			ProcessInitializeOnLoadMethodAttributes (19ms)
			AfterProcessingInitializeOnLoad (5ms)
			EditorAssembliesLoaded (0ms)
		ExecutionOrderSort2 (0ms)
		AwakeInstancesAfterBackupRestoration (5ms)
Refreshing native plugins compatible for Editor in 18.67 ms, found 8 plugins.
Preloading 0 native plugins for Editor in 0.00 ms.
Unloading 4457 Unused Serialized files (Serialized files now loaded: 0)
Unloading 29 unused Assets / (33.2 KB). Loaded Objects now: 5055.
Memory consumption went from 148.9 MB to 148.9 MB.
Total: 8.839400 ms (FindLiveObjects: 0.309500 ms CreateObjectMapping: 2.458900 ms MarkObjects: 5.988700 ms  DeleteObjects: 0.080900 ms)

Prepare: number of updated asset objects reloaded= 0
AssetImportParameters requested are different than current active one (requested -> active):
  custom:container-demuxer-ogg: 62fdf1f143b41e24485cea50d1cbac27 -> 
  custom:video-codec-MediaFoundation-h265: 746d11721c4dcdbdad8f713fa42b33f4 -> 
  custom:video-decoder-ogg-theora: a1e56fd34408186e4bbccfd4996cb3dc -> 
  custom:framework-win-MediaFoundation: 216162199b28c13a410421893ffa2e32 -> 
  custom:CustomObjectIndexerAttribute: 9a22284fe3817be447336de3de66b15e -> 
  custom:container-demuxer-webm: 4f35f7cbe854078d1ac9338744f61a02 -> 
  custom:container-muxer-webm: aa71ff27fc2769a1b78a27578f13a17b -> 
  custom:video-decoder-webm-vp8: 9c59270c3fd7afecdb556c50c9e8de78 -> 
  custom:SearchIndexIgnoredProperties: e643bd26f0fe6173181afceb89e7c659 -> 
  custom:AudioImporter_EditorPlatform: d09bf68614088b80899f8185d706f6e7 -> 
  custom:scripting/monoscript/fileName/MeniuSchimbare.cs: dbf707465d583b22c6bc12ce0c338f60 -> 
  custom:video-encoder-webm-vp8: eb34c28f22e8b96e1ab97ce403110664 -> 
  custom:audio-decoder-ogg-vorbis: bf7c407c2cedff20999df2af8eb42d56 -> 
  custom:audio-encoder-webm-vorbis: bf7c407c2cedff20999df2af8eb42d56 -> 
  custom:scripting/precompiled-assembly-types:Assembly-CSharp: dba5ea44bf2a4705cbbbe73ff6e2fa15 -> bf690c30d0eb984383641cab4c97498c
========================================================================
Received Prepare
Script 'Packages/com.rlabrecque.steamworks.net/Runtime/types/SteamTimeline/TimelineEventHandle_t.cs' will not be compiled because it exists outside the Assets folder and does not to belong to any assembly definition file.
Caller must complete domain reload
Script 'Packages/com.rlabrecque.steamworks.net/Runtime/types/SteamTimeline/TimelineEventHandle_t.cs' will not be compiled because it exists outside the Assets folder and does not to belong to any assembly definition file.
Begin MonoManager ReloadAssembly
- Loaded All Assemblies, in  0.429 seconds
Native extension for WindowsStandalone target not found
Native extension for WebGL target not found
Script 'Packages/com.rlabrecque.steamworks.net/Runtime/types/SteamTimeline/TimelineEventHandle_t.cs' will not be compiled because it exists outside the Assets folder and does not to belong to any assembly definition file.
Mono: successfully reloaded assembly
- Finished resetting the current domain, in  0.851 seconds
Domain Reload Profiling: 1276ms
	BeginReloadAssembly (128ms)
		ExecutionOrderSort (0ms)
		DisableScriptedObjects (3ms)
		BackupInstance (0ms)
		ReleaseScriptingObjects (0ms)
		CreateAndSetChildDomain (22ms)
	RebuildCommonClasses (26ms)
	RebuildNativeTypeToScriptingClass (9ms)
	initialDomainReloadingComplete (27ms)
	LoadAllAssembliesAndSetupDomain (234ms)
		LoadAssemblies (292ms)
		RebuildTransferFunctionScriptingTraits (0ms)
		AnalyzeDomain (16ms)
			TypeCache.Refresh (5ms)
				TypeCache.ScanAssembly (0ms)
			ScanForSourceGeneratedMonoScriptInfo (0ms)
			ResolveRequiredComponents (9ms)
	FinalizeReload (852ms)
		ReleaseScriptCaches (0ms)
		RebuildScriptCaches (0ms)
		SetupLoadedEditorAssemblies (445ms)
			LogAssemblyErrors (0ms)
			InitializePlatformSupportModulesInManaged (7ms)
			SetLoadedEditorAssemblies (3ms)
			RefreshPlugins (0ms)
			BeforeProcessingInitializeOnLoad (47ms)
			ProcessInitializeOnLoadAttributes (366ms)
			ProcessInitializeOnLoadMethodAttributes (17ms)
			AfterProcessingInitializeOnLoad (5ms)
			EditorAssembliesLoaded (0ms)
		ExecutionOrderSort2 (0ms)
		AwakeInstancesAfterBackupRestoration (5ms)
Refreshing native plugins compatible for Editor in 27.28 ms, found 8 plugins.
Preloading 0 native plugins for Editor in 0.00 ms.
Unloading 4457 Unused Serialized files (Serialized files now loaded: 0)
Unloading 29 unused Assets / (34.2 KB). Loaded Objects now: 5058.
Memory consumption went from 149.0 MB to 148.9 MB.
Total: 4.313200 ms (FindLiveObjects: 0.284400 ms CreateObjectMapping: 0.222200 ms MarkObjects: 3.727200 ms  DeleteObjects: 0.078100 ms)

Prepare: number of updated asset objects reloaded= 0
AssetImportParameters requested are different than current active one (requested -> active):
  custom:container-demuxer-ogg: 62fdf1f143b41e24485cea50d1cbac27 -> 
  custom:video-codec-MediaFoundation-h265: 746d11721c4dcdbdad8f713fa42b33f4 -> 
  custom:video-decoder-ogg-theora: a1e56fd34408186e4bbccfd4996cb3dc -> 
  custom:framework-win-MediaFoundation: 216162199b28c13a410421893ffa2e32 -> 
  custom:CustomObjectIndexerAttribute: 9a22284fe3817be447336de3de66b15e -> 
  custom:container-demuxer-webm: 4f35f7cbe854078d1ac9338744f61a02 -> 
  custom:container-muxer-webm: aa71ff27fc2769a1b78a27578f13a17b -> 
  custom:video-decoder-webm-vp8: 9c59270c3fd7afecdb556c50c9e8de78 -> 
  custom:SearchIndexIgnoredProperties: e643bd26f0fe6173181afceb89e7c659 -> 
  custom:AudioImporter_EditorPlatform: d09bf68614088b80899f8185d706f6e7 -> 
  custom:scripting/monoscript/fileName/MeniuSchimbare.cs: dbf707465d583b22c6bc12ce0c338f60 -> 
  custom:video-encoder-webm-vp8: eb34c28f22e8b96e1ab97ce403110664 -> 
  custom:audio-decoder-ogg-vorbis: bf7c407c2cedff20999df2af8eb42d56 -> 
  custom:audio-encoder-webm-vorbis: bf7c407c2cedff20999df2af8eb42d56 -> 
  custom:scripting/precompiled-assembly-types:Assembly-CSharp: dba5ea44bf2a4705cbbbe73ff6e2fa15 -> bf690c30d0eb984383641cab4c97498c
========================================================================
Received Import Request.
  Time since last request: 252474.232207 seconds.
  path: Assets/Scenes/MainMenu.unity
  artifactKey: Guid(0c107ff8658484d4e918ed5b75dece07) Importer(815301076,1909f56bfc062723c751e8b465ee728b)
Start importing Assets/Scenes/MainMenu.unity using Guid(0c107ff8658484d4e918ed5b75dece07) Importer(815301076,1909f56bfc062723c751e8b465ee728b) [PhysX] Initialized MultithreadedTaskDispatcher with 20 workers.
 -> (artifact id: 'b61a71a9db4f9a0c1e01af597111f93e') in 0.007657 seconds
Number of updated asset objects reloaded before import = 0
Number of asset objects unloaded after import = 0
========================================================================
Received Import Request.
  Time since last request: 3.298838 seconds.
  path: Assets/Scenes/Online Games/MainGame.unity
  artifactKey: Guid(a4aac17ffc563a14cb6b74069cc77ab7) Importer(815301076,1909f56bfc062723c751e8b465ee728b)
Start importing Assets/Scenes/Online Games/MainGame.unity using Guid(a4aac17ffc563a14cb6b74069cc77ab7) Importer(815301076,1909f56bfc062723c751e8b465ee728b) [PhysX] Initialized MultithreadedTaskDispatcher with 20 workers.
 -> (artifact id: '17a40dc7b2fb5bd7b8942c1c5a113b08') in 0.000840 seconds
Number of updated asset objects reloaded before import = 0
Number of asset objects unloaded after import = 0
========================================================================
Received Prepare
Script 'Packages/com.rlabrecque.steamworks.net/Runtime/types/SteamTimeline/TimelineEventHandle_t.cs' will not be compiled because it exists outside the Assets folder and does not to belong to any assembly definition file.
Caller must complete domain reload
Script 'Packages/com.rlabrecque.steamworks.net/Runtime/types/SteamTimeline/TimelineEventHandle_t.cs' will not be compiled because it exists outside the Assets folder and does not to belong to any assembly definition file.
Begin MonoManager ReloadAssembly
- Loaded All Assemblies, in  0.375 seconds
Native extension for WindowsStandalone target not found
Native extension for WebGL target not found
Script 'Packages/com.rlabrecque.steamworks.net/Runtime/types/SteamTimeline/TimelineEventHandle_t.cs' will not be compiled because it exists outside the Assets folder and does not to belong to any assembly definition file.
Mono: successfully reloaded assembly
- Finished resetting the current domain, in  0.831 seconds
Domain Reload Profiling: 1204ms
	BeginReloadAssembly (114ms)
		ExecutionOrderSort (0ms)
		DisableScriptedObjects (3ms)
		BackupInstance (0ms)
		ReleaseScriptingObjects (0ms)
		CreateAndSetChildDomain (24ms)
	RebuildCommonClasses (22ms)
	RebuildNativeTypeToScriptingClass (7ms)
	initialDomainReloadingComplete (28ms)
	LoadAllAssembliesAndSetupDomain (201ms)
		LoadAssemblies (248ms)
		RebuildTransferFunctionScriptingTraits (0ms)
		AnalyzeDomain (13ms)
			TypeCache.Refresh (5ms)
				TypeCache.ScanAssembly (0ms)
			ScanForSourceGeneratedMonoScriptInfo (0ms)
			ResolveRequiredComponents (6ms)
	FinalizeReload (832ms)
		ReleaseScriptCaches (0ms)
		RebuildScriptCaches (0ms)
		SetupLoadedEditorAssemblies (442ms)
			LogAssemblyErrors (0ms)
			InitializePlatformSupportModulesInManaged (6ms)
			SetLoadedEditorAssemblies (3ms)
			RefreshPlugins (0ms)
			BeforeProcessingInitializeOnLoad (53ms)
			ProcessInitializeOnLoadAttributes (358ms)
			ProcessInitializeOnLoadMethodAttributes (17ms)
			AfterProcessingInitializeOnLoad (5ms)
			EditorAssembliesLoaded (0ms)
		ExecutionOrderSort2 (0ms)
		AwakeInstancesAfterBackupRestoration (5ms)
Refreshing native plugins compatible for Editor in 17.58 ms, found 8 plugins.
Preloading 0 native plugins for Editor in 0.00 ms.
Unloading 4456 Unused Serialized files (Serialized files now loaded: 0)
Unloading 29 unused Assets / (33.2 KB). Loaded Objects now: 5061.
Memory consumption went from 148.7 MB to 148.7 MB.
Total: 4.103400 ms (FindLiveObjects: 0.310700 ms CreateObjectMapping: 0.219800 ms MarkObjects: 3.505400 ms  DeleteObjects: 0.066100 ms)

Prepare: number of updated asset objects reloaded= 0
AssetImportParameters requested are different than current active one (requested -> active):
  custom:container-demuxer-ogg: 62fdf1f143b41e24485cea50d1cbac27 -> 
  custom:video-codec-MediaFoundation-h265: 746d11721c4dcdbdad8f713fa42b33f4 -> 
  custom:video-decoder-ogg-theora: a1e56fd34408186e4bbccfd4996cb3dc -> 
  custom:framework-win-MediaFoundation: 216162199b28c13a410421893ffa2e32 -> 
  custom:CustomObjectIndexerAttribute: 9a22284fe3817be447336de3de66b15e -> 
  custom:container-demuxer-webm: 4f35f7cbe854078d1ac9338744f61a02 -> 
  custom:container-muxer-webm: aa71ff27fc2769a1b78a27578f13a17b -> 
  custom:video-decoder-webm-vp8: 9c59270c3fd7afecdb556c50c9e8de78 -> 
  custom:SearchIndexIgnoredProperties: e643bd26f0fe6173181afceb89e7c659 -> 
  custom:AudioImporter_EditorPlatform: d09bf68614088b80899f8185d706f6e7 -> 
  custom:scripting/monoscript/fileName/MeniuSchimbare.cs: dbf707465d583b22c6bc12ce0c338f60 -> 
  custom:video-encoder-webm-vp8: eb34c28f22e8b96e1ab97ce403110664 -> 
  custom:audio-decoder-ogg-vorbis: bf7c407c2cedff20999df2af8eb42d56 -> 
  custom:audio-encoder-webm-vorbis: bf7c407c2cedff20999df2af8eb42d56 -> 
  custom:scripting/precompiled-assembly-types:Assembly-CSharp: dba5ea44bf2a4705cbbbe73ff6e2fa15 -> bf690c30d0eb984383641cab4c97498c
========================================================================
Received Import Request.
  Time since last request: 90.770663 seconds.
  path: Assets/Scenes/Online Games/MainGame.unity
  artifactKey: Guid(a4aac17ffc563a14cb6b74069cc77ab7) Importer(815301076,1909f56bfc062723c751e8b465ee728b)
Start importing Assets/Scenes/Online Games/MainGame.unity using Guid(a4aac17ffc563a14cb6b74069cc77ab7) Importer(815301076,1909f56bfc062723c751e8b465ee728b) [PhysX] Initialized MultithreadedTaskDispatcher with 20 workers.
 -> (artifact id: '4bd6edf23b547dba9c9c0f025a08c148') in 0.004415 seconds
Number of updated asset objects reloaded before import = 0
Number of asset objects unloaded after import = 0
========================================================================
Received Prepare
Script 'Packages/com.rlabrecque.steamworks.net/Runtime/types/SteamTimeline/TimelineEventHandle_t.cs' will not be compiled because it exists outside the Assets folder and does not to belong to any assembly definition file.
Caller must complete domain reload
Script 'Packages/com.rlabrecque.steamworks.net/Runtime/types/SteamTimeline/TimelineEventHandle_t.cs' will not be compiled because it exists outside the Assets folder and does not to belong to any assembly definition file.
Begin MonoManager ReloadAssembly
- Loaded All Assemblies, in  0.426 seconds
Native extension for WindowsStandalone target not found
Native extension for WebGL target not found
Script 'Packages/com.rlabrecque.steamworks.net/Runtime/types/SteamTimeline/TimelineEventHandle_t.cs' will not be compiled because it exists outside the Assets folder and does not to belong to any assembly definition file.
Mono: successfully reloaded assembly
- Finished resetting the current domain, in  0.879 seconds
Domain Reload Profiling: 1303ms
	BeginReloadAssembly (132ms)
		ExecutionOrderSort (0ms)
		DisableScriptedObjects (3ms)
		BackupInstance (0ms)
		ReleaseScriptingObjects (0ms)
		CreateAndSetChildDomain (25ms)
	RebuildCommonClasses (25ms)
	RebuildNativeTypeToScriptingClass (7ms)
	initialDomainReloadingComplete (27ms)
	LoadAllAssembliesAndSetupDomain (231ms)
		LoadAssemblies (277ms)
		RebuildTransferFunctionScriptingTraits (0ms)
		AnalyzeDomain (30ms)
			TypeCache.Refresh (9ms)
				TypeCache.ScanAssembly (2ms)
			ScanForSourceGeneratedMonoScriptInfo (12ms)
			ResolveRequiredComponents (7ms)
	FinalizeReload (880ms)
		ReleaseScriptCaches (0ms)
		RebuildScriptCaches (0ms)
		SetupLoadedEditorAssemblies (474ms)
			LogAssemblyErrors (0ms)
			InitializePlatformSupportModulesInManaged (6ms)
			SetLoadedEditorAssemblies (3ms)
			RefreshPlugins (0ms)
			BeforeProcessingInitializeOnLoad (68ms)
			ProcessInitializeOnLoadAttributes (374ms)
			ProcessInitializeOnLoadMethodAttributes (17ms)
			AfterProcessingInitializeOnLoad (5ms)
			EditorAssembliesLoaded (0ms)
		ExecutionOrderSort2 (0ms)
		AwakeInstancesAfterBackupRestoration (5ms)
Refreshing native plugins compatible for Editor in 20.49 ms, found 8 plugins.
Preloading 0 native plugins for Editor in 0.00 ms.
Unloading 4456 Unused Serialized files (Serialized files now loaded: 0)
Unloading 29 unused Assets / (33.2 KB). Loaded Objects now: 5064.
Memory consumption went from 148.7 MB to 148.7 MB.
Total: 3.785200 ms (FindLiveObjects: 0.299800 ms CreateObjectMapping: 0.265500 ms MarkObjects: 3.149900 ms  DeleteObjects: 0.069000 ms)

Prepare: number of updated asset objects reloaded= 0
AssetImportParameters requested are different than current active one (requested -> active):
  custom:container-demuxer-ogg: 62fdf1f143b41e24485cea50d1cbac27 -> 
  custom:video-codec-MediaFoundation-h265: 746d11721c4dcdbdad8f713fa42b33f4 -> 
  custom:video-decoder-ogg-theora: a1e56fd34408186e4bbccfd4996cb3dc -> 
  custom:framework-win-MediaFoundation: 216162199b28c13a410421893ffa2e32 -> 
  custom:CustomObjectIndexerAttribute: 9a22284fe3817be447336de3de66b15e -> 
  custom:container-demuxer-webm: 4f35f7cbe854078d1ac9338744f61a02 -> 
  custom:container-muxer-webm: aa71ff27fc2769a1b78a27578f13a17b -> 
  custom:video-decoder-webm-vp8: 9c59270c3fd7afecdb556c50c9e8de78 -> 
  custom:SearchIndexIgnoredProperties: e643bd26f0fe6173181afceb89e7c659 -> 
  custom:AudioImporter_EditorPlatform: d09bf68614088b80899f8185d706f6e7 -> 
  custom:scripting/monoscript/fileName/MeniuSchimbare.cs: dbf707465d583b22c6bc12ce0c338f60 -> 
  custom:video-encoder-webm-vp8: eb34c28f22e8b96e1ab97ce403110664 -> 
  custom:audio-decoder-ogg-vorbis: bf7c407c2cedff20999df2af8eb42d56 -> 
  custom:audio-encoder-webm-vorbis: bf7c407c2cedff20999df2af8eb42d56 -> 
  custom:scripting/precompiled-assembly-types:Assembly-CSharp: dba5ea44bf2a4705cbbbe73ff6e2fa15 -> bf690c30d0eb984383641cab4c97498c
========================================================================
Received Prepare
Script 'Packages/com.rlabrecque.steamworks.net/Runtime/types/SteamTimeline/TimelineEventHandle_t.cs' will not be compiled because it exists outside the Assets folder and does not to belong to any assembly definition file.
Caller must complete domain reload
Script 'Packages/com.rlabrecque.steamworks.net/Runtime/types/SteamTimeline/TimelineEventHandle_t.cs' will not be compiled because it exists outside the Assets folder and does not to belong to any assembly definition file.
Begin MonoManager ReloadAssembly
- Loaded All Assemblies, in  0.451 seconds
Native extension for WindowsStandalone target not found
Native extension for WebGL target not found
Script 'Packages/com.rlabrecque.steamworks.net/Runtime/types/SteamTimeline/TimelineEventHandle_t.cs' will not be compiled because it exists outside the Assets folder and does not to belong to any assembly definition file.
Mono: successfully reloaded assembly
- Finished resetting the current domain, in  0.848 seconds
Domain Reload Profiling: 1297ms
	BeginReloadAssembly (140ms)
		ExecutionOrderSort (0ms)
		DisableScriptedObjects (5ms)
		BackupInstance (0ms)
		ReleaseScriptingObjects (0ms)
		CreateAndSetChildDomain (29ms)
	RebuildCommonClasses (25ms)
	RebuildNativeTypeToScriptingClass (8ms)
	initialDomainReloadingComplete (30ms)
	LoadAllAssembliesAndSetupDomain (246ms)
		LoadAssemblies (293ms)
		RebuildTransferFunctionScriptingTraits (0ms)
		AnalyzeDomain (33ms)
			TypeCache.Refresh (9ms)
				TypeCache.ScanAssembly (2ms)
			ScanForSourceGeneratedMonoScriptInfo (12ms)
			ResolveRequiredComponents (9ms)
	FinalizeReload (849ms)
		ReleaseScriptCaches (0ms)
		RebuildScriptCaches (0ms)
		SetupLoadedEditorAssemblies (459ms)
			LogAssemblyErrors (0ms)
			InitializePlatformSupportModulesInManaged (7ms)
			SetLoadedEditorAssemblies (4ms)
			RefreshPlugins (0ms)
			BeforeProcessingInitializeOnLoad (51ms)
			ProcessInitializeOnLoadAttributes (376ms)
			ProcessInitializeOnLoadMethodAttributes (16ms)
			AfterProcessingInitializeOnLoad (5ms)
			EditorAssembliesLoaded (0ms)
		ExecutionOrderSort2 (0ms)
		AwakeInstancesAfterBackupRestoration (5ms)
Refreshing native plugins compatible for Editor in 17.56 ms, found 8 plugins.
Preloading 0 native plugins for Editor in 0.00 ms.
Unloading 4457 Unused Serialized files (Serialized files now loaded: 0)
Unloading 29 unused Assets / (33.2 KB). Loaded Objects now: 5067.
Memory consumption went from 149.0 MB to 148.9 MB.
Total: 3.942100 ms (FindLiveObjects: 0.313700 ms CreateObjectMapping: 0.246000 ms MarkObjects: 3.315200 ms  DeleteObjects: 0.066000 ms)

Prepare: number of updated asset objects reloaded= 0
AssetImportParameters requested are different than current active one (requested -> active):
  custom:container-demuxer-ogg: 62fdf1f143b41e24485cea50d1cbac27 -> 
  custom:video-codec-MediaFoundation-h265: 746d11721c4dcdbdad8f713fa42b33f4 -> 
  custom:video-decoder-ogg-theora: a1e56fd34408186e4bbccfd4996cb3dc -> 
  custom:framework-win-MediaFoundation: 216162199b28c13a410421893ffa2e32 -> 
  custom:CustomObjectIndexerAttribute: 9a22284fe3817be447336de3de66b15e -> 
  custom:container-demuxer-webm: 4f35f7cbe854078d1ac9338744f61a02 -> 
  custom:container-muxer-webm: aa71ff27fc2769a1b78a27578f13a17b -> 
  custom:video-decoder-webm-vp8: 9c59270c3fd7afecdb556c50c9e8de78 -> 
  custom:SearchIndexIgnoredProperties: e643bd26f0fe6173181afceb89e7c659 -> 
  custom:AudioImporter_EditorPlatform: d09bf68614088b80899f8185d706f6e7 -> 
  custom:scripting/monoscript/fileName/MeniuSchimbare.cs: dbf707465d583b22c6bc12ce0c338f60 -> 
  custom:video-encoder-webm-vp8: eb34c28f22e8b96e1ab97ce403110664 -> 
  custom:audio-decoder-ogg-vorbis: bf7c407c2cedff20999df2af8eb42d56 -> 
  custom:audio-encoder-webm-vorbis: bf7c407c2cedff20999df2af8eb42d56 -> 
  custom:scripting/precompiled-assembly-types:Assembly-CSharp: dba5ea44bf2a4705cbbbe73ff6e2fa15 -> bf690c30d0eb984383641cab4c97498c
========================================================================
Received Prepare
Script 'Packages/com.rlabrecque.steamworks.net/Runtime/types/SteamTimeline/TimelineEventHandle_t.cs' will not be compiled because it exists outside the Assets folder and does not to belong to any assembly definition file.
Caller must complete domain reload
Script 'Packages/com.rlabrecque.steamworks.net/Runtime/types/SteamTimeline/TimelineEventHandle_t.cs' will not be compiled because it exists outside the Assets folder and does not to belong to any assembly definition file.
Begin MonoManager ReloadAssembly
- Loaded All Assemblies, in  0.464 seconds
Native extension for WindowsStandalone target not found
Native extension for WebGL target not found
Script 'Packages/com.rlabrecque.steamworks.net/Runtime/types/SteamTimeline/TimelineEventHandle_t.cs' will not be compiled because it exists outside the Assets folder and does not to belong to any assembly definition file.
Mono: successfully reloaded assembly
- Finished resetting the current domain, in  0.943 seconds
Domain Reload Profiling: 1404ms
	BeginReloadAssembly (123ms)
		ExecutionOrderSort (0ms)
		DisableScriptedObjects (4ms)
		BackupInstance (0ms)
		ReleaseScriptingObjects (0ms)
		CreateAndSetChildDomain (29ms)
	RebuildCommonClasses (26ms)
	RebuildNativeTypeToScriptingClass (10ms)
	initialDomainReloadingComplete (44ms)
	LoadAllAssembliesAndSetupDomain (257ms)
		LoadAssemblies (283ms)
		RebuildTransferFunctionScriptingTraits (0ms)
		AnalyzeDomain (35ms)
			TypeCache.Refresh (10ms)
				TypeCache.ScanAssembly (2ms)
			ScanForSourceGeneratedMonoScriptInfo (15ms)
			ResolveRequiredComponents (7ms)
	FinalizeReload (943ms)
		ReleaseScriptCaches (0ms)
		RebuildScriptCaches (0ms)
		SetupLoadedEditorAssemblies (483ms)
			LogAssemblyErrors (0ms)
			InitializePlatformSupportModulesInManaged (6ms)
			SetLoadedEditorAssemblies (3ms)
			RefreshPlugins (0ms)
			BeforeProcessingInitializeOnLoad (57ms)
			ProcessInitializeOnLoadAttributes (392ms)
			ProcessInitializeOnLoadMethodAttributes (18ms)
			AfterProcessingInitializeOnLoad (6ms)
			EditorAssembliesLoaded (0ms)
		ExecutionOrderSort2 (0ms)
		AwakeInstancesAfterBackupRestoration (6ms)
Refreshing native plugins compatible for Editor in 16.80 ms, found 8 plugins.
Preloading 0 native plugins for Editor in 0.00 ms.
Unloading 4457 Unused Serialized files (Serialized files now loaded: 0)
Unloading 29 unused Assets / (33.2 KB). Loaded Objects now: 5070.
Memory consumption went from 148.9 MB to 148.9 MB.
Total: 4.385000 ms (FindLiveObjects: 0.335400 ms CreateObjectMapping: 0.259100 ms MarkObjects: 3.705500 ms  DeleteObjects: 0.083400 ms)

Prepare: number of updated asset objects reloaded= 0
AssetImportParameters requested are different than current active one (requested -> active):
  custom:container-demuxer-ogg: 62fdf1f143b41e24485cea50d1cbac27 -> 
  custom:video-codec-MediaFoundation-h265: 746d11721c4dcdbdad8f713fa42b33f4 -> 
  custom:video-decoder-ogg-theora: a1e56fd34408186e4bbccfd4996cb3dc -> 
  custom:framework-win-MediaFoundation: 216162199b28c13a410421893ffa2e32 -> 
  custom:CustomObjectIndexerAttribute: 9a22284fe3817be447336de3de66b15e -> 
  custom:container-demuxer-webm: 4f35f7cbe854078d1ac9338744f61a02 -> 
  custom:container-muxer-webm: aa71ff27fc2769a1b78a27578f13a17b -> 
  custom:video-decoder-webm-vp8: 9c59270c3fd7afecdb556c50c9e8de78 -> 
  custom:SearchIndexIgnoredProperties: e643bd26f0fe6173181afceb89e7c659 -> 
  custom:AudioImporter_EditorPlatform: d09bf68614088b80899f8185d706f6e7 -> 
  custom:scripting/monoscript/fileName/MeniuSchimbare.cs: dbf707465d583b22c6bc12ce0c338f60 -> 
  custom:video-encoder-webm-vp8: eb34c28f22e8b96e1ab97ce403110664 -> 
  custom:audio-decoder-ogg-vorbis: bf7c407c2cedff20999df2af8eb42d56 -> 
  custom:audio-encoder-webm-vorbis: bf7c407c2cedff20999df2af8eb42d56 -> 
  custom:scripting/precompiled-assembly-types:Assembly-CSharp: dba5ea44bf2a4705cbbbe73ff6e2fa15 -> bf690c30d0eb984383641cab4c97498c
========================================================================
Received Prepare
Script 'Packages/com.rlabrecque.steamworks.net/Runtime/types/SteamTimeline/TimelineEventHandle_t.cs' will not be compiled because it exists outside the Assets folder and does not to belong to any assembly definition file.
Caller must complete domain reload
Script 'Packages/com.rlabrecque.steamworks.net/Runtime/types/SteamTimeline/TimelineEventHandle_t.cs' will not be compiled because it exists outside the Assets folder and does not to belong to any assembly definition file.
Begin MonoManager ReloadAssembly
- Loaded All Assemblies, in  0.597 seconds
Native extension for WindowsStandalone target not found
Native extension for WebGL target not found
Script 'Packages/com.rlabrecque.steamworks.net/Runtime/types/SteamTimeline/TimelineEventHandle_t.cs' will not be compiled because it exists outside the Assets folder and does not to belong to any assembly definition file.
Mono: successfully reloaded assembly
- Finished resetting the current domain, in  1.140 seconds
Domain Reload Profiling: 1735ms
	BeginReloadAssembly (170ms)
		ExecutionOrderSort (0ms)
		DisableScriptedObjects (5ms)
		BackupInstance (0ms)
		ReleaseScriptingObjects (0ms)
		CreateAndSetChildDomain (35ms)
	RebuildCommonClasses (32ms)
	RebuildNativeTypeToScriptingClass (12ms)
	initialDomainReloadingComplete (28ms)
	LoadAllAssembliesAndSetupDomain (353ms)
		LoadAssemblies (399ms)
		RebuildTransferFunctionScriptingTraits (0ms)
		AnalyzeDomain (43ms)
			TypeCache.Refresh (12ms)
				TypeCache.ScanAssembly (3ms)
			ScanForSourceGeneratedMonoScriptInfo (15ms)
			ResolveRequiredComponents (14ms)
	FinalizeReload (1140ms)
		ReleaseScriptCaches (0ms)
		RebuildScriptCaches (0ms)
		SetupLoadedEditorAssemblies (535ms)
			LogAssemblyErrors (0ms)
			InitializePlatformSupportModulesInManaged (13ms)
			SetLoadedEditorAssemblies (5ms)
			RefreshPlugins (0ms)
			BeforeProcessingInitializeOnLoad (88ms)
			ProcessInitializeOnLoadAttributes (406ms)
			ProcessInitializeOnLoadMethodAttributes (16ms)
			AfterProcessingInitializeOnLoad (6ms)
			EditorAssembliesLoaded (0ms)
		ExecutionOrderSort2 (0ms)
		AwakeInstancesAfterBackupRestoration (8ms)
Refreshing native plugins compatible for Editor in 17.43 ms, found 8 plugins.
Preloading 0 native plugins for Editor in 0.00 ms.
Unloading 4457 Unused Serialized files (Serialized files now loaded: 0)
Unloading 29 unused Assets / (33.2 KB). Loaded Objects now: 5073.
Memory consumption went from 149.0 MB to 149.0 MB.
Total: 4.136200 ms (FindLiveObjects: 0.310800 ms CreateObjectMapping: 0.271100 ms MarkObjects: 3.478400 ms  DeleteObjects: 0.074700 ms)

Prepare: number of updated asset objects reloaded= 0
AssetImportParameters requested are different than current active one (requested -> active):
  custom:container-demuxer-ogg: 62fdf1f143b41e24485cea50d1cbac27 -> 
  custom:video-codec-MediaFoundation-h265: 746d11721c4dcdbdad8f713fa42b33f4 -> 
  custom:video-decoder-ogg-theora: a1e56fd34408186e4bbccfd4996cb3dc -> 
  custom:framework-win-MediaFoundation: 216162199b28c13a410421893ffa2e32 -> 
  custom:CustomObjectIndexerAttribute: 9a22284fe3817be447336de3de66b15e -> 
  custom:container-demuxer-webm: 4f35f7cbe854078d1ac9338744f61a02 -> 
  custom:container-muxer-webm: aa71ff27fc2769a1b78a27578f13a17b -> 
  custom:video-decoder-webm-vp8: 9c59270c3fd7afecdb556c50c9e8de78 -> 
  custom:SearchIndexIgnoredProperties: e643bd26f0fe6173181afceb89e7c659 -> 
  custom:AudioImporter_EditorPlatform: d09bf68614088b80899f8185d706f6e7 -> 
  custom:scripting/monoscript/fileName/MeniuSchimbare.cs: dbf707465d583b22c6bc12ce0c338f60 -> 
  custom:video-encoder-webm-vp8: eb34c28f22e8b96e1ab97ce403110664 -> 
  custom:audio-decoder-ogg-vorbis: bf7c407c2cedff20999df2af8eb42d56 -> 
  custom:audio-encoder-webm-vorbis: bf7c407c2cedff20999df2af8eb42d56 -> 
  custom:scripting/precompiled-assembly-types:Assembly-CSharp: de9203532def91cef448d6ba415bf80e -> bf690c30d0eb984383641cab4c97498c
========================================================================
Received Prepare
Refreshing native plugins compatible for Editor in 25.97 ms, found 8 plugins.
Preloading 0 native plugins for Editor in 0.00 ms.
Unloading 1 Unused Serialized files (Serialized files now loaded: 0)
Unloading 1 unused Assets / (3.1 KB). Loaded Objects now: 5073.
Memory consumption went from 79.6 MB to 79.6 MB.
Total: 22.330900 ms (FindLiveObjects: 0.376400 ms CreateObjectMapping: 0.257100 ms MarkObjects: 21.643100 ms  DeleteObjects: 0.050700 ms)

Prepare: number of updated asset objects reloaded= 0
AssetImportParameters requested are different than current active one (requested -> active):
  custom:container-demuxer-ogg: 62fdf1f143b41e24485cea50d1cbac27 -> 
  custom:video-codec-MediaFoundation-h265: 746d11721c4dcdbdad8f713fa42b33f4 -> 
  custom:video-decoder-ogg-theora: a1e56fd34408186e4bbccfd4996cb3dc -> 
  custom:framework-win-MediaFoundation: 216162199b28c13a410421893ffa2e32 -> 
  custom:CustomObjectIndexerAttribute: 9a22284fe3817be447336de3de66b15e -> 
  custom:container-demuxer-webm: 4f35f7cbe854078d1ac9338744f61a02 -> 
  custom:container-muxer-webm: aa71ff27fc2769a1b78a27578f13a17b -> 
  custom:video-decoder-webm-vp8: 9c59270c3fd7afecdb556c50c9e8de78 -> 
  custom:SearchIndexIgnoredProperties: e643bd26f0fe6173181afceb89e7c659 -> 
  custom:AudioImporter_EditorPlatform: d09bf68614088b80899f8185d706f6e7 -> 
  custom:scripting/monoscript/fileName/MeniuSchimbare.cs: dbf707465d583b22c6bc12ce0c338f60 -> 
  custom:video-encoder-webm-vp8: eb34c28f22e8b96e1ab97ce403110664 -> 
  custom:audio-decoder-ogg-vorbis: bf7c407c2cedff20999df2af8eb42d56 -> 
  custom:audio-encoder-webm-vorbis: bf7c407c2cedff20999df2af8eb42d56 -> 
  custom:scripting/precompiled-assembly-types:Assembly-CSharp: de9203532def91cef448d6ba415bf80e -> bf690c30d0eb984383641cab4c97498c
========================================================================
Received Prepare
Script 'Packages/com.rlabrecque.steamworks.net/Runtime/types/SteamTimeline/TimelineEventHandle_t.cs' will not be compiled because it exists outside the Assets folder and does not to belong to any assembly definition file.
Caller must complete domain reload
Script 'Packages/com.rlabrecque.steamworks.net/Runtime/types/SteamTimeline/TimelineEventHandle_t.cs' will not be compiled because it exists outside the Assets folder and does not to belong to any assembly definition file.
Begin MonoManager ReloadAssembly
- Loaded All Assemblies, in  0.655 seconds
Native extension for WindowsStandalone target not found
Native extension for WebGL target not found
Script 'Packages/com.rlabrecque.steamworks.net/Runtime/types/SteamTimeline/TimelineEventHandle_t.cs' will not be compiled because it exists outside the Assets folder and does not to belong to any assembly definition file.
Mono: successfully reloaded assembly
- Finished resetting the current domain, in  1.096 seconds
Domain Reload Profiling: 1747ms
	BeginReloadAssembly (202ms)
		ExecutionOrderSort (0ms)
		DisableScriptedObjects (6ms)
		BackupInstance (0ms)
		ReleaseScriptingObjects (0ms)
		CreateAndSetChildDomain (39ms)
	RebuildCommonClasses (43ms)
	RebuildNativeTypeToScriptingClass (15ms)
	initialDomainReloadingComplete (59ms)
	LoadAllAssembliesAndSetupDomain (331ms)
		LoadAssemblies (431ms)
		RebuildTransferFunctionScriptingTraits (0ms)
		AnalyzeDomain (15ms)
			TypeCache.Refresh (5ms)
				TypeCache.ScanAssembly (0ms)
			ScanForSourceGeneratedMonoScriptInfo (0ms)
			ResolveRequiredComponents (8ms)
	FinalizeReload (1097ms)
		ReleaseScriptCaches (0ms)
		RebuildScriptCaches (0ms)
		SetupLoadedEditorAssemblies (549ms)
			LogAssemblyErrors (0ms)
			InitializePlatformSupportModulesInManaged (9ms)
			SetLoadedEditorAssemblies (4ms)
			RefreshPlugins (0ms)
			BeforeProcessingInitializeOnLoad (58ms)
			ProcessInitializeOnLoadAttributes (454ms)
			ProcessInitializeOnLoadMethodAttributes (19ms)
			AfterProcessingInitializeOnLoad (5ms)
			EditorAssembliesLoaded (0ms)
		ExecutionOrderSort2 (0ms)
		AwakeInstancesAfterBackupRestoration (6ms)
Refreshing native plugins compatible for Editor in 21.73 ms, found 8 plugins.
Preloading 0 native plugins for Editor in 0.00 ms.
Unloading 4457 Unused Serialized files (Serialized files now loaded: 0)
Unloading 29 unused Assets / (33.3 KB). Loaded Objects now: 5076.
Memory consumption went from 149.0 MB to 149.0 MB.
Total: 4.392400 ms (FindLiveObjects: 0.313700 ms CreateObjectMapping: 0.216900 ms MarkObjects: 3.792500 ms  DeleteObjects: 0.067500 ms)

Prepare: number of updated asset objects reloaded= 0
AssetImportParameters requested are different than current active one (requested -> active):
  custom:container-demuxer-ogg: 62fdf1f143b41e24485cea50d1cbac27 -> 
  custom:video-codec-MediaFoundation-h265: 746d11721c4dcdbdad8f713fa42b33f4 -> 
  custom:video-decoder-ogg-theora: a1e56fd34408186e4bbccfd4996cb3dc -> 
  custom:framework-win-MediaFoundation: 216162199b28c13a410421893ffa2e32 -> 
  custom:CustomObjectIndexerAttribute: 9a22284fe3817be447336de3de66b15e -> 
  custom:container-demuxer-webm: 4f35f7cbe854078d1ac9338744f61a02 -> 
  custom:container-muxer-webm: aa71ff27fc2769a1b78a27578f13a17b -> 
  custom:video-decoder-webm-vp8: 9c59270c3fd7afecdb556c50c9e8de78 -> 
  custom:SearchIndexIgnoredProperties: e643bd26f0fe6173181afceb89e7c659 -> 
  custom:AudioImporter_EditorPlatform: d09bf68614088b80899f8185d706f6e7 -> 
  custom:scripting/monoscript/fileName/MeniuSchimbare.cs: dbf707465d583b22c6bc12ce0c338f60 -> 
  custom:video-encoder-webm-vp8: eb34c28f22e8b96e1ab97ce403110664 -> 
  custom:audio-decoder-ogg-vorbis: bf7c407c2cedff20999df2af8eb42d56 -> 
  custom:audio-encoder-webm-vorbis: bf7c407c2cedff20999df2af8eb42d56 -> 
  custom:scripting/precompiled-assembly-types:Assembly-CSharp: de9203532def91cef448d6ba415bf80e -> bf690c30d0eb984383641cab4c97498c
========================================================================
Received Prepare
Script 'Packages/com.rlabrecque.steamworks.net/Runtime/types/SteamTimeline/TimelineEventHandle_t.cs' will not be compiled because it exists outside the Assets folder and does not to belong to any assembly definition file.
Caller must complete domain reload
Script 'Packages/com.rlabrecque.steamworks.net/Runtime/types/SteamTimeline/TimelineEventHandle_t.cs' will not be compiled because it exists outside the Assets folder and does not to belong to any assembly definition file.
Begin MonoManager ReloadAssembly
- Loaded All Assemblies, in  1.582 seconds
Native extension for WindowsStandalone target not found
Native extension for WebGL target not found
Script 'Packages/com.rlabrecque.steamworks.net/Runtime/types/SteamTimeline/TimelineEventHandle_t.cs' will not be compiled because it exists outside the Assets folder and does not to belong to any assembly definition file.
Mono: successfully reloaded assembly
- Finished resetting the current domain, in  1.778 seconds
Domain Reload Profiling: 3355ms
	BeginReloadAssembly (303ms)
		ExecutionOrderSort (0ms)
		DisableScriptedObjects (7ms)
		BackupInstance (0ms)
		ReleaseScriptingObjects (0ms)
		CreateAndSetChildDomain (56ms)
	RebuildCommonClasses (71ms)
	RebuildNativeTypeToScriptingClass (19ms)
	initialDomainReloadingComplete (69ms)
	LoadAllAssembliesAndSetupDomain (1113ms)
		LoadAssemblies (1193ms)
		RebuildTransferFunctionScriptingTraits (0ms)
		AnalyzeDomain (100ms)
			TypeCache.Refresh (20ms)
				TypeCache.ScanAssembly (4ms)
			ScanForSourceGeneratedMonoScriptInfo (40ms)
			ResolveRequiredComponents (36ms)
	FinalizeReload (1779ms)
		ReleaseScriptCaches (0ms)
		RebuildScriptCaches (0ms)
		SetupLoadedEditorAssemblies (718ms)
			LogAssemblyErrors (0ms)
			InitializePlatformSupportModulesInManaged (10ms)
			SetLoadedEditorAssemblies (3ms)
			RefreshPlugins (0ms)
			BeforeProcessingInitializeOnLoad (74ms)
			ProcessInitializeOnLoadAttributes (585ms)
			ProcessInitializeOnLoadMethodAttributes (36ms)
			AfterProcessingInitializeOnLoad (9ms)
			EditorAssembliesLoaded (1ms)
		ExecutionOrderSort2 (0ms)
		AwakeInstancesAfterBackupRestoration (9ms)
Refreshing native plugins compatible for Editor in 21.97 ms, found 8 plugins.
Preloading 0 native plugins for Editor in 0.00 ms.
Unloading 4457 Unused Serialized files (Serialized files now loaded: 0)
Unloading 29 unused Assets / (33.2 KB). Loaded Objects now: 5079.
Memory consumption went from 149.0 MB to 149.0 MB.
Total: 6.370200 ms (FindLiveObjects: 0.322100 ms CreateObjectMapping: 0.234400 ms MarkObjects: 5.740800 ms  DeleteObjects: 0.071200 ms)

Prepare: number of updated asset objects reloaded= 0
AssetImportParameters requested are different than current active one (requested -> active):
  custom:container-demuxer-ogg: 62fdf1f143b41e24485cea50d1cbac27 -> 
  custom:video-codec-MediaFoundation-h265: 746d11721c4dcdbdad8f713fa42b33f4 -> 
  custom:video-decoder-ogg-theora: a1e56fd34408186e4bbccfd4996cb3dc -> 
  custom:framework-win-MediaFoundation: 216162199b28c13a410421893ffa2e32 -> 
  custom:CustomObjectIndexerAttribute: 9a22284fe3817be447336de3de66b15e -> 
  custom:container-demuxer-webm: 4f35f7cbe854078d1ac9338744f61a02 -> 
  custom:container-muxer-webm: aa71ff27fc2769a1b78a27578f13a17b -> 
  custom:video-decoder-webm-vp8: 9c59270c3fd7afecdb556c50c9e8de78 -> 
  custom:SearchIndexIgnoredProperties: e643bd26f0fe6173181afceb89e7c659 -> 
  custom:AudioImporter_EditorPlatform: d09bf68614088b80899f8185d706f6e7 -> 
  custom:scripting/monoscript/fileName/MeniuSchimbare.cs: dbf707465d583b22c6bc12ce0c338f60 -> 
  custom:video-encoder-webm-vp8: eb34c28f22e8b96e1ab97ce403110664 -> 
  custom:audio-decoder-ogg-vorbis: bf7c407c2cedff20999df2af8eb42d56 -> 
  custom:audio-encoder-webm-vorbis: bf7c407c2cedff20999df2af8eb42d56 -> 
  custom:scripting/precompiled-assembly-types:Assembly-CSharp: de9203532def91cef448d6ba415bf80e -> bf690c30d0eb984383641cab4c97498c
========================================================================
Received Prepare
Script 'Packages/com.rlabrecque.steamworks.net/Runtime/types/SteamTimeline/TimelineEventHandle_t.cs' will not be compiled because it exists outside the Assets folder and does not to belong to any assembly definition file.
Caller must complete domain reload
Script 'Packages/com.rlabrecque.steamworks.net/Runtime/types/SteamTimeline/TimelineEventHandle_t.cs' will not be compiled because it exists outside the Assets folder and does not to belong to any assembly definition file.
Begin MonoManager ReloadAssembly
- Loaded All Assemblies, in  0.608 seconds
Native extension for WindowsStandalone target not found
Native extension for WebGL target not found
Script 'Packages/com.rlabrecque.steamworks.net/Runtime/types/SteamTimeline/TimelineEventHandle_t.cs' will not be compiled because it exists outside the Assets folder and does not to belong to any assembly definition file.
Mono: successfully reloaded assembly
- Finished resetting the current domain, in  1.423 seconds
Domain Reload Profiling: 2024ms
	BeginReloadAssembly (179ms)
		ExecutionOrderSort (0ms)
		DisableScriptedObjects (5ms)
		BackupInstance (0ms)
		ReleaseScriptingObjects (0ms)
		CreateAndSetChildDomain (36ms)
	RebuildCommonClasses (44ms)
	RebuildNativeTypeToScriptingClass (15ms)
	initialDomainReloadingComplete (56ms)
	LoadAllAssembliesAndSetupDomain (308ms)
		LoadAssemblies (390ms)
		RebuildTransferFunctionScriptingTraits (0ms)
		AnalyzeDomain (20ms)
			TypeCache.Refresh (7ms)
				TypeCache.ScanAssembly (0ms)
			ScanForSourceGeneratedMonoScriptInfo (0ms)
			ResolveRequiredComponents (11ms)
	FinalizeReload (1424ms)
		ReleaseScriptCaches (0ms)
		RebuildScriptCaches (0ms)
		SetupLoadedEditorAssemblies (756ms)
			LogAssemblyErrors (0ms)
			InitializePlatformSupportModulesInManaged (13ms)
			SetLoadedEditorAssemblies (3ms)
			RefreshPlugins (0ms)
			BeforeProcessingInitializeOnLoad (92ms)
			ProcessInitializeOnLoadAttributes (619ms)
			ProcessInitializeOnLoadMethodAttributes (22ms)
			AfterProcessingInitializeOnLoad (6ms)
			EditorAssembliesLoaded (0ms)
		ExecutionOrderSort2 (0ms)
		AwakeInstancesAfterBackupRestoration (7ms)
Refreshing native plugins compatible for Editor in 21.58 ms, found 8 plugins.
Preloading 0 native plugins for Editor in 0.00 ms.
Unloading 4457 Unused Serialized files (Serialized files now loaded: 0)
Unloading 29 unused Assets / (33.2 KB). Loaded Objects now: 5082.
Memory consumption went from 149.0 MB to 149.0 MB.
Total: 4.472800 ms (FindLiveObjects: 0.328500 ms CreateObjectMapping: 0.287500 ms MarkObjects: 3.778400 ms  DeleteObjects: 0.077200 ms)

Prepare: number of updated asset objects reloaded= 0
AssetImportParameters requested are different than current active one (requested -> active):
  custom:container-demuxer-ogg: 62fdf1f143b41e24485cea50d1cbac27 -> 
  custom:video-codec-MediaFoundation-h265: 746d11721c4dcdbdad8f713fa42b33f4 -> 
  custom:video-decoder-ogg-theora: a1e56fd34408186e4bbccfd4996cb3dc -> 
  custom:framework-win-MediaFoundation: 216162199b28c13a410421893ffa2e32 -> 
  custom:CustomObjectIndexerAttribute: 9a22284fe3817be447336de3de66b15e -> 
  custom:container-demuxer-webm: 4f35f7cbe854078d1ac9338744f61a02 -> 
  custom:container-muxer-webm: aa71ff27fc2769a1b78a27578f13a17b -> 
  custom:video-decoder-webm-vp8: 9c59270c3fd7afecdb556c50c9e8de78 -> 
  custom:SearchIndexIgnoredProperties: e643bd26f0fe6173181afceb89e7c659 -> 
  custom:AudioImporter_EditorPlatform: d09bf68614088b80899f8185d706f6e7 -> 
  custom:scripting/monoscript/fileName/MeniuSchimbare.cs: dbf707465d583b22c6bc12ce0c338f60 -> 
  custom:video-encoder-webm-vp8: eb34c28f22e8b96e1ab97ce403110664 -> 
  custom:audio-decoder-ogg-vorbis: bf7c407c2cedff20999df2af8eb42d56 -> 
  custom:audio-encoder-webm-vorbis: bf7c407c2cedff20999df2af8eb42d56 -> 
  custom:scripting/precompiled-assembly-types:Assembly-CSharp: de9203532def91cef448d6ba415bf80e -> bf690c30d0eb984383641cab4c97498c
========================================================================
Received Prepare
Script 'Packages/com.rlabrecque.steamworks.net/Runtime/types/SteamTimeline/TimelineEventHandle_t.cs' will not be compiled because it exists outside the Assets folder and does not to belong to any assembly definition file.
Caller must complete domain reload
Script 'Packages/com.rlabrecque.steamworks.net/Runtime/types/SteamTimeline/TimelineEventHandle_t.cs' will not be compiled because it exists outside the Assets folder and does not to belong to any assembly definition file.
Begin MonoManager ReloadAssembly
- Loaded All Assemblies, in  0.433 seconds
Native extension for WindowsStandalone target not found
Native extension for WebGL target not found
Script 'Packages/com.rlabrecque.steamworks.net/Runtime/types/SteamTimeline/TimelineEventHandle_t.cs' will not be compiled because it exists outside the Assets folder and does not to belong to any assembly definition file.
Mono: successfully reloaded assembly
- Finished resetting the current domain, in  0.963 seconds
Domain Reload Profiling: 1393ms
	BeginReloadAssembly (128ms)
		ExecutionOrderSort (0ms)
		DisableScriptedObjects (4ms)
		BackupInstance (0ms)
		ReleaseScriptingObjects (0ms)
		CreateAndSetChildDomain (25ms)
	RebuildCommonClasses (30ms)
	RebuildNativeTypeToScriptingClass (11ms)
	initialDomainReloadingComplete (33ms)
	LoadAllAssembliesAndSetupDomain (228ms)
		LoadAssemblies (282ms)
		RebuildTransferFunctionScriptingTraits (0ms)
		AnalyzeDomain (14ms)
			TypeCache.Refresh (6ms)
				TypeCache.ScanAssembly (0ms)
			ScanForSourceGeneratedMonoScriptInfo (0ms)
			ResolveRequiredComponents (7ms)
	FinalizeReload (963ms)
		ReleaseScriptCaches (0ms)
		RebuildScriptCaches (0ms)
		SetupLoadedEditorAssemblies (504ms)
			LogAssemblyErrors (0ms)
			InitializePlatformSupportModulesInManaged (7ms)
			SetLoadedEditorAssemblies (3ms)
			RefreshPlugins (0ms)
			BeforeProcessingInitializeOnLoad (55ms)
			ProcessInitializeOnLoadAttributes (409ms)
			ProcessInitializeOnLoadMethodAttributes (24ms)
			AfterProcessingInitializeOnLoad (6ms)
			EditorAssembliesLoaded (0ms)
		ExecutionOrderSort2 (0ms)
		AwakeInstancesAfterBackupRestoration (7ms)
Refreshing native plugins compatible for Editor in 25.01 ms, found 8 plugins.
Preloading 0 native plugins for Editor in 0.00 ms.
Unloading 4457 Unused Serialized files (Serialized files now loaded: 0)
Unloading 29 unused Assets / (33.2 KB). Loaded Objects now: 5085.
Memory consumption went from 148.9 MB to 148.9 MB.
Total: 4.791100 ms (FindLiveObjects: 0.350000 ms CreateObjectMapping: 0.269300 ms MarkObjects: 4.098800 ms  DeleteObjects: 0.071700 ms)

Prepare: number of updated asset objects reloaded= 0
AssetImportParameters requested are different than current active one (requested -> active):
  custom:container-demuxer-ogg: 62fdf1f143b41e24485cea50d1cbac27 -> 
  custom:video-codec-MediaFoundation-h265: 746d11721c4dcdbdad8f713fa42b33f4 -> 
  custom:video-decoder-ogg-theora: a1e56fd34408186e4bbccfd4996cb3dc -> 
  custom:framework-win-MediaFoundation: 216162199b28c13a410421893ffa2e32 -> 
  custom:CustomObjectIndexerAttribute: 9a22284fe3817be447336de3de66b15e -> 
  custom:container-demuxer-webm: 4f35f7cbe854078d1ac9338744f61a02 -> 
  custom:container-muxer-webm: aa71ff27fc2769a1b78a27578f13a17b -> 
  custom:video-decoder-webm-vp8: 9c59270c3fd7afecdb556c50c9e8de78 -> 
  custom:SearchIndexIgnoredProperties: e643bd26f0fe6173181afceb89e7c659 -> 
  custom:AudioImporter_EditorPlatform: d09bf68614088b80899f8185d706f6e7 -> 
  custom:scripting/monoscript/fileName/MeniuSchimbare.cs: dbf707465d583b22c6bc12ce0c338f60 -> 
  custom:video-encoder-webm-vp8: eb34c28f22e8b96e1ab97ce403110664 -> 
  custom:audio-decoder-ogg-vorbis: bf7c407c2cedff20999df2af8eb42d56 -> 
  custom:audio-encoder-webm-vorbis: bf7c407c2cedff20999df2af8eb42d56 -> 
  custom:scripting/precompiled-assembly-types:Assembly-CSharp: de9203532def91cef448d6ba415bf80e -> bf690c30d0eb984383641cab4c97498c
========================================================================
Received Prepare
Refreshing native plugins compatible for Editor in 20.72 ms, found 8 plugins.
Preloading 0 native plugins for Editor in 0.00 ms.
Unloading 1 Unused Serialized files (Serialized files now loaded: 0)
Unloading 1 unused Assets / (3.1 KB). Loaded Objects now: 5085.
Memory consumption went from 79.6 MB to 79.6 MB.
Total: 5.164000 ms (FindLiveObjects: 0.316800 ms CreateObjectMapping: 0.201900 ms MarkObjects: 4.481900 ms  DeleteObjects: 0.160700 ms)

Prepare: number of updated asset objects reloaded= 0
AssetImportParameters requested are different than current active one (requested -> active):
  custom:container-demuxer-ogg: 62fdf1f143b41e24485cea50d1cbac27 -> 
  custom:video-codec-MediaFoundation-h265: 746d11721c4dcdbdad8f713fa42b33f4 -> 
  custom:video-decoder-ogg-theora: a1e56fd34408186e4bbccfd4996cb3dc -> 
  custom:framework-win-MediaFoundation: 216162199b28c13a410421893ffa2e32 -> 
  custom:CustomObjectIndexerAttribute: 9a22284fe3817be447336de3de66b15e -> 
  custom:container-demuxer-webm: 4f35f7cbe854078d1ac9338744f61a02 -> 
  custom:container-muxer-webm: aa71ff27fc2769a1b78a27578f13a17b -> 
  custom:video-decoder-webm-vp8: 9c59270c3fd7afecdb556c50c9e8de78 -> 
  custom:SearchIndexIgnoredProperties: e643bd26f0fe6173181afceb89e7c659 -> 
  custom:AudioImporter_EditorPlatform: d09bf68614088b80899f8185d706f6e7 -> 
  custom:scripting/monoscript/fileName/MeniuSchimbare.cs: dbf707465d583b22c6bc12ce0c338f60 -> 
  custom:video-encoder-webm-vp8: eb34c28f22e8b96e1ab97ce403110664 -> 
  custom:audio-decoder-ogg-vorbis: bf7c407c2cedff20999df2af8eb42d56 -> 
  custom:audio-encoder-webm-vorbis: bf7c407c2cedff20999df2af8eb42d56 -> 
  custom:scripting/precompiled-assembly-types:Assembly-CSharp: de9203532def91cef448d6ba415bf80e -> bf690c30d0eb984383641cab4c97498c
========================================================================
Received Prepare
Script 'Packages/com.rlabrecque.steamworks.net/Runtime/types/SteamTimeline/TimelineEventHandle_t.cs' will not be compiled because it exists outside the Assets folder and does not to belong to any assembly definition file.
Caller must complete domain reload
Script 'Packages/com.rlabrecque.steamworks.net/Runtime/types/SteamTimeline/TimelineEventHandle_t.cs' will not be compiled because it exists outside the Assets folder and does not to belong to any assembly definition file.
Begin MonoManager ReloadAssembly
- Loaded All Assemblies, in  0.590 seconds
Native extension for WindowsStandalone target not found
Native extension for WebGL target not found
Script 'Packages/com.rlabrecque.steamworks.net/Runtime/types/SteamTimeline/TimelineEventHandle_t.cs' will not be compiled because it exists outside the Assets folder and does not to belong to any assembly definition file.
Mono: successfully reloaded assembly
- Finished resetting the current domain, in  1.420 seconds
Domain Reload Profiling: 2004ms
	BeginReloadAssembly (142ms)
		ExecutionOrderSort (0ms)
		DisableScriptedObjects (4ms)
		BackupInstance (0ms)
		ReleaseScriptingObjects (0ms)
		CreateAndSetChildDomain (29ms)
	RebuildCommonClasses (33ms)
	RebuildNativeTypeToScriptingClass (10ms)
	initialDomainReloadingComplete (53ms)
	LoadAllAssembliesAndSetupDomain (346ms)
		LoadAssemblies (407ms)
		RebuildTransferFunctionScriptingTraits (0ms)
		AnalyzeDomain (17ms)
			TypeCache.Refresh (6ms)
				TypeCache.ScanAssembly (0ms)
			ScanForSourceGeneratedMonoScriptInfo (0ms)
			ResolveRequiredComponents (9ms)
	FinalizeReload (1421ms)
		ReleaseScriptCaches (0ms)
		RebuildScriptCaches (0ms)
		SetupLoadedEditorAssemblies (747ms)
			LogAssemblyErrors (0ms)
			InitializePlatformSupportModulesInManaged (10ms)
			SetLoadedEditorAssemblies (3ms)
			RefreshPlugins (0ms)
			BeforeProcessingInitializeOnLoad (74ms)
			ProcessInitializeOnLoadAttributes (625ms)
			ProcessInitializeOnLoadMethodAttributes (26ms)
			AfterProcessingInitializeOnLoad (8ms)
			EditorAssembliesLoaded (0ms)
		ExecutionOrderSort2 (0ms)
		AwakeInstancesAfterBackupRestoration (8ms)
Refreshing native plugins compatible for Editor in 22.22 ms, found 8 plugins.
Preloading 0 native plugins for Editor in 0.00 ms.
Unloading 4457 Unused Serialized files (Serialized files now loaded: 0)
Unloading 29 unused Assets / (33.3 KB). Loaded Objects now: 5088.
Memory consumption went from 149.0 MB to 149.0 MB.
Total: 6.017300 ms (FindLiveObjects: 0.314100 ms CreateObjectMapping: 0.250300 ms MarkObjects: 5.380500 ms  DeleteObjects: 0.071000 ms)

Prepare: number of updated asset objects reloaded= 0
AssetImportParameters requested are different than current active one (requested -> active):
  custom:container-demuxer-ogg: 62fdf1f143b41e24485cea50d1cbac27 -> 
  custom:video-codec-MediaFoundation-h265: 746d11721c4dcdbdad8f713fa42b33f4 -> 
  custom:video-decoder-ogg-theora: a1e56fd34408186e4bbccfd4996cb3dc -> 
  custom:framework-win-MediaFoundation: 216162199b28c13a410421893ffa2e32 -> 
  custom:CustomObjectIndexerAttribute: 9a22284fe3817be447336de3de66b15e -> 
  custom:container-demuxer-webm: 4f35f7cbe854078d1ac9338744f61a02 -> 
  custom:container-muxer-webm: aa71ff27fc2769a1b78a27578f13a17b -> 
  custom:video-decoder-webm-vp8: 9c59270c3fd7afecdb556c50c9e8de78 -> 
  custom:SearchIndexIgnoredProperties: e643bd26f0fe6173181afceb89e7c659 -> 
  custom:AudioImporter_EditorPlatform: d09bf68614088b80899f8185d706f6e7 -> 
  custom:scripting/monoscript/fileName/MeniuSchimbare.cs: dbf707465d583b22c6bc12ce0c338f60 -> 
  custom:video-encoder-webm-vp8: eb34c28f22e8b96e1ab97ce403110664 -> 
  custom:audio-decoder-ogg-vorbis: bf7c407c2cedff20999df2af8eb42d56 -> 
  custom:audio-encoder-webm-vorbis: bf7c407c2cedff20999df2af8eb42d56 -> 
  custom:scripting/precompiled-assembly-types:Assembly-CSharp: de9203532def91cef448d6ba415bf80e -> bf690c30d0eb984383641cab4c97498c
========================================================================
Received Prepare
Script 'Packages/com.rlabrecque.steamworks.net/Runtime/types/SteamTimeline/TimelineEventHandle_t.cs' will not be compiled because it exists outside the Assets folder and does not to belong to any assembly definition file.
Caller must complete domain reload
Script 'Packages/com.rlabrecque.steamworks.net/Runtime/types/SteamTimeline/TimelineEventHandle_t.cs' will not be compiled because it exists outside the Assets folder and does not to belong to any assembly definition file.
Begin MonoManager ReloadAssembly
- Loaded All Assemblies, in  0.545 seconds
Native extension for WindowsStandalone target not found
Native extension for WebGL target not found
Script 'Packages/com.rlabrecque.steamworks.net/Runtime/types/SteamTimeline/TimelineEventHandle_t.cs' will not be compiled because it exists outside the Assets folder and does not to belong to any assembly definition file.
Mono: successfully reloaded assembly
- Finished resetting the current domain, in  1.115 seconds
Domain Reload Profiling: 1656ms
	BeginReloadAssembly (142ms)
		ExecutionOrderSort (0ms)
		DisableScriptedObjects (4ms)
		BackupInstance (0ms)
		ReleaseScriptingObjects (0ms)
		CreateAndSetChildDomain (30ms)
	RebuildCommonClasses (30ms)
	RebuildNativeTypeToScriptingClass (9ms)
	initialDomainReloadingComplete (37ms)
	LoadAllAssembliesAndSetupDomain (323ms)
		LoadAssemblies (362ms)
		RebuildTransferFunctionScriptingTraits (0ms)
		AnalyzeDomain (40ms)
			TypeCache.Refresh (12ms)
				TypeCache.ScanAssembly (3ms)
			ScanForSourceGeneratedMonoScriptInfo (16ms)
			ResolveRequiredComponents (9ms)
	FinalizeReload (1115ms)
		ReleaseScriptCaches (0ms)
		RebuildScriptCaches (0ms)
		SetupLoadedEditorAssemblies (607ms)
			LogAssemblyErrors (0ms)
			InitializePlatformSupportModulesInManaged (7ms)
			SetLoadedEditorAssemblies (3ms)
			RefreshPlugins (0ms)
			BeforeProcessingInitializeOnLoad (64ms)
			ProcessInitializeOnLoadAttributes (499ms)
			ProcessInitializeOnLoadMethodAttributes (28ms)
			AfterProcessingInitializeOnLoad (5ms)
			EditorAssembliesLoaded (0ms)
		ExecutionOrderSort2 (0ms)
		AwakeInstancesAfterBackupRestoration (8ms)
Refreshing native plugins compatible for Editor in 20.20 ms, found 8 plugins.
Preloading 0 native plugins for Editor in 0.00 ms.
Unloading 4457 Unused Serialized files (Serialized files now loaded: 0)
Unloading 29 unused Assets / (34.3 KB). Loaded Objects now: 5091.
Memory consumption went from 149.0 MB to 149.0 MB.
Total: 5.399100 ms (FindLiveObjects: 0.338600 ms CreateObjectMapping: 0.225200 ms MarkObjects: 4.764300 ms  DeleteObjects: 0.069500 ms)

Prepare: number of updated asset objects reloaded= 0
AssetImportParameters requested are different than current active one (requested -> active):
  custom:container-demuxer-ogg: 62fdf1f143b41e24485cea50d1cbac27 -> 
  custom:video-codec-MediaFoundation-h265: 746d11721c4dcdbdad8f713fa42b33f4 -> 
  custom:video-decoder-ogg-theora: a1e56fd34408186e4bbccfd4996cb3dc -> 
  custom:framework-win-MediaFoundation: 216162199b28c13a410421893ffa2e32 -> 
  custom:CustomObjectIndexerAttribute: 9a22284fe3817be447336de3de66b15e -> 
  custom:container-demuxer-webm: 4f35f7cbe854078d1ac9338744f61a02 -> 
  custom:container-muxer-webm: aa71ff27fc2769a1b78a27578f13a17b -> 
  custom:video-decoder-webm-vp8: 9c59270c3fd7afecdb556c50c9e8de78 -> 
  custom:SearchIndexIgnoredProperties: e643bd26f0fe6173181afceb89e7c659 -> 
  custom:AudioImporter_EditorPlatform: d09bf68614088b80899f8185d706f6e7 -> 
  custom:scripting/monoscript/fileName/MeniuSchimbare.cs: dbf707465d583b22c6bc12ce0c338f60 -> 
  custom:video-encoder-webm-vp8: eb34c28f22e8b96e1ab97ce403110664 -> 
  custom:audio-decoder-ogg-vorbis: bf7c407c2cedff20999df2af8eb42d56 -> 
  custom:audio-encoder-webm-vorbis: bf7c407c2cedff20999df2af8eb42d56 -> 
  custom:scripting/precompiled-assembly-types:Assembly-CSharp: de9203532def91cef448d6ba415bf80e -> bf690c30d0eb984383641cab4c97498c
========================================================================
Received Prepare
Script 'Packages/com.rlabrecque.steamworks.net/Runtime/types/SteamTimeline/TimelineEventHandle_t.cs' will not be compiled because it exists outside the Assets folder and does not to belong to any assembly definition file.
Caller must complete domain reload
Script 'Packages/com.rlabrecque.steamworks.net/Runtime/types/SteamTimeline/TimelineEventHandle_t.cs' will not be compiled because it exists outside the Assets folder and does not to belong to any assembly definition file.
Begin MonoManager ReloadAssembly
- Loaded All Assemblies, in  0.505 seconds
Native extension for WindowsStandalone target not found
Native extension for WebGL target not found
Script 'Packages/com.rlabrecque.steamworks.net/Runtime/types/SteamTimeline/TimelineEventHandle_t.cs' will not be compiled because it exists outside the Assets folder and does not to belong to any assembly definition file.
Mono: successfully reloaded assembly
- Finished resetting the current domain, in  1.003 seconds
Domain Reload Profiling: 1504ms
	BeginReloadAssembly (158ms)
		ExecutionOrderSort (0ms)
		DisableScriptedObjects (4ms)
		BackupInstance (0ms)
		ReleaseScriptingObjects (0ms)
		CreateAndSetChildDomain (33ms)
	RebuildCommonClasses (41ms)
	RebuildNativeTypeToScriptingClass (11ms)
	initialDomainReloadingComplete (50ms)
	LoadAllAssembliesAndSetupDomain (240ms)
		LoadAssemblies (316ms)
		RebuildTransferFunctionScriptingTraits (0ms)
		AnalyzeDomain (14ms)
			TypeCache.Refresh (5ms)
				TypeCache.ScanAssembly (0ms)
			ScanForSourceGeneratedMonoScriptInfo (0ms)
			ResolveRequiredComponents (7ms)
	FinalizeReload (1003ms)
		ReleaseScriptCaches (0ms)
		RebuildScriptCaches (0ms)
		SetupLoadedEditorAssemblies (516ms)
			LogAssemblyErrors (0ms)
			InitializePlatformSupportModulesInManaged (7ms)
			SetLoadedEditorAssemblies (3ms)
			RefreshPlugins (0ms)
			BeforeProcessingInitializeOnLoad (56ms)
			ProcessInitializeOnLoadAttributes (423ms)
			ProcessInitializeOnLoadMethodAttributes (21ms)
			AfterProcessingInitializeOnLoad (6ms)
			EditorAssembliesLoaded (0ms)
		ExecutionOrderSort2 (0ms)
		AwakeInstancesAfterBackupRestoration (10ms)
Refreshing native plugins compatible for Editor in 23.98 ms, found 8 plugins.
Preloading 0 native plugins for Editor in 0.00 ms.
Unloading 4457 Unused Serialized files (Serialized files now loaded: 0)
Unloading 29 unused Assets / (33.2 KB). Loaded Objects now: 5094.
Memory consumption went from 149.0 MB to 149.0 MB.
Total: 4.602900 ms (FindLiveObjects: 0.323500 ms CreateObjectMapping: 0.268500 ms MarkObjects: 3.936500 ms  DeleteObjects: 0.073000 ms)

Prepare: number of updated asset objects reloaded= 0
AssetImportParameters requested are different than current active one (requested -> active):
  custom:container-demuxer-ogg: 62fdf1f143b41e24485cea50d1cbac27 -> 
  custom:video-codec-MediaFoundation-h265: 746d11721c4dcdbdad8f713fa42b33f4 -> 
  custom:video-decoder-ogg-theora: a1e56fd34408186e4bbccfd4996cb3dc -> 
  custom:framework-win-MediaFoundation: 216162199b28c13a410421893ffa2e32 -> 
  custom:CustomObjectIndexerAttribute: 9a22284fe3817be447336de3de66b15e -> 
  custom:container-demuxer-webm: 4f35f7cbe854078d1ac9338744f61a02 -> 
  custom:container-muxer-webm: aa71ff27fc2769a1b78a27578f13a17b -> 
  custom:video-decoder-webm-vp8: 9c59270c3fd7afecdb556c50c9e8de78 -> 
  custom:SearchIndexIgnoredProperties: e643bd26f0fe6173181afceb89e7c659 -> 
  custom:AudioImporter_EditorPlatform: d09bf68614088b80899f8185d706f6e7 -> 
  custom:scripting/monoscript/fileName/MeniuSchimbare.cs: dbf707465d583b22c6bc12ce0c338f60 -> 
  custom:video-encoder-webm-vp8: eb34c28f22e8b96e1ab97ce403110664 -> 
  custom:audio-decoder-ogg-vorbis: bf7c407c2cedff20999df2af8eb42d56 -> 
  custom:audio-encoder-webm-vorbis: bf7c407c2cedff20999df2af8eb42d56 -> 
  custom:scripting/precompiled-assembly-types:Assembly-CSharp: de9203532def91cef448d6ba415bf80e -> bf690c30d0eb984383641cab4c97498c
========================================================================
Received Import Request.
  Time since last request: 1430.012891 seconds.
  path: Assets/StreamingAssets/google-services (3).json
  artifactKey: Guid(0e7cce51470517a4abb342e121221003) Importer(815301076,1909f56bfc062723c751e8b465ee728b)
Start importing Assets/StreamingAssets/google-services (3).json using Guid(0e7cce51470517a4abb342e121221003) Importer(815301076,1909f56bfc062723c751e8b465ee728b) [PhysX] Initialized MultithreadedTaskDispatcher with 20 workers.
 -> (artifact id: 'd99542ca8b96dfb55b0cb2832574be05') in 0.012243 seconds
Number of updated asset objects reloaded before import = 0
Number of asset objects unloaded after import = 1
========================================================================
Received Prepare
Script 'Packages/com.rlabrecque.steamworks.net/Runtime/types/SteamTimeline/TimelineEventHandle_t.cs' will not be compiled because it exists outside the Assets folder and does not to belong to any assembly definition file.
Caller must complete domain reload
Script 'Packages/com.rlabrecque.steamworks.net/Runtime/types/SteamTimeline/TimelineEventHandle_t.cs' will not be compiled because it exists outside the Assets folder and does not to belong to any assembly definition file.
Begin MonoManager ReloadAssembly
- Loaded All Assemblies, in  0.463 seconds
Native extension for WindowsStandalone target not found
Native extension for WebGL target not found
Script 'Packages/com.rlabrecque.steamworks.net/Runtime/types/SteamTimeline/TimelineEventHandle_t.cs' will not be compiled because it exists outside the Assets folder and does not to belong to any assembly definition file.
Mono: successfully reloaded assembly
- Finished resetting the current domain, in  1.044 seconds
Domain Reload Profiling: 1503ms
	BeginReloadAssembly (133ms)
		ExecutionOrderSort (0ms)
		DisableScriptedObjects (4ms)
		BackupInstance (0ms)
		ReleaseScriptingObjects (0ms)
		CreateAndSetChildDomain (28ms)
	RebuildCommonClasses (31ms)
	RebuildNativeTypeToScriptingClass (10ms)
	initialDomainReloadingComplete (35ms)
	LoadAllAssembliesAndSetupDomain (251ms)
		LoadAssemblies (304ms)
		RebuildTransferFunctionScriptingTraits (0ms)
		AnalyzeDomain (17ms)
			TypeCache.Refresh (6ms)
				TypeCache.ScanAssembly (0ms)
			ScanForSourceGeneratedMonoScriptInfo (0ms)
			ResolveRequiredComponents (9ms)
	FinalizeReload (1044ms)
		ReleaseScriptCaches (0ms)
		RebuildScriptCaches (0ms)
		SetupLoadedEditorAssemblies (549ms)
			LogAssemblyErrors (0ms)
			InitializePlatformSupportModulesInManaged (8ms)
			SetLoadedEditorAssemblies (3ms)
			RefreshPlugins (0ms)
			BeforeProcessingInitializeOnLoad (60ms)
			ProcessInitializeOnLoadAttributes (448ms)
			ProcessInitializeOnLoadMethodAttributes (23ms)
			AfterProcessingInitializeOnLoad (7ms)
			EditorAssembliesLoaded (0ms)
		ExecutionOrderSort2 (0ms)
		AwakeInstancesAfterBackupRestoration (6ms)
Refreshing native plugins compatible for Editor in 23.81 ms, found 8 plugins.
Preloading 0 native plugins for Editor in 0.00 ms.
Unloading 4456 Unused Serialized files (Serialized files now loaded: 0)
Unloading 29 unused Assets / (33.2 KB). Loaded Objects now: 5098.
Memory consumption went from 148.8 MB to 148.7 MB.
Total: 5.398800 ms (FindLiveObjects: 0.404700 ms CreateObjectMapping: 0.274800 ms MarkObjects: 4.604200 ms  DeleteObjects: 0.113300 ms)

Prepare: number of updated asset objects reloaded= 0
AssetImportParameters requested are different than current active one (requested -> active):
  custom:container-demuxer-ogg: 62fdf1f143b41e24485cea50d1cbac27 -> 
  custom:video-codec-MediaFoundation-h265: 746d11721c4dcdbdad8f713fa42b33f4 -> 
  custom:video-decoder-ogg-theora: a1e56fd34408186e4bbccfd4996cb3dc -> 
  custom:framework-win-MediaFoundation: 216162199b28c13a410421893ffa2e32 -> 
  custom:CustomObjectIndexerAttribute: 9a22284fe3817be447336de3de66b15e -> 
  custom:container-demuxer-webm: 4f35f7cbe854078d1ac9338744f61a02 -> 
  custom:container-muxer-webm: aa71ff27fc2769a1b78a27578f13a17b -> 
  custom:video-decoder-webm-vp8: 9c59270c3fd7afecdb556c50c9e8de78 -> 
  custom:SearchIndexIgnoredProperties: e643bd26f0fe6173181afceb89e7c659 -> 
  custom:AudioImporter_EditorPlatform: d09bf68614088b80899f8185d706f6e7 -> 
  custom:scripting/monoscript/fileName/MeniuSchimbare.cs: dbf707465d583b22c6bc12ce0c338f60 -> 
  custom:video-encoder-webm-vp8: eb34c28f22e8b96e1ab97ce403110664 -> 
  custom:audio-decoder-ogg-vorbis: bf7c407c2cedff20999df2af8eb42d56 -> 
  custom:audio-encoder-webm-vorbis: bf7c407c2cedff20999df2af8eb42d56 -> 
  custom:scripting/precompiled-assembly-types:Assembly-CSharp: de9203532def91cef448d6ba415bf80e -> bf690c30d0eb984383641cab4c97498c
========================================================================
Received Prepare
Script 'Packages/com.rlabrecque.steamworks.net/Runtime/types/SteamTimeline/TimelineEventHandle_t.cs' will not be compiled because it exists outside the Assets folder and does not to belong to any assembly definition file.
Caller must complete domain reload
Script 'Packages/com.rlabrecque.steamworks.net/Runtime/types/SteamTimeline/TimelineEventHandle_t.cs' will not be compiled because it exists outside the Assets folder and does not to belong to any assembly definition file.
Begin MonoManager ReloadAssembly
- Loaded All Assemblies, in  0.516 seconds
Native extension for WindowsStandalone target not found
Native extension for WebGL target not found
Script 'Packages/com.rlabrecque.steamworks.net/Runtime/types/SteamTimeline/TimelineEventHandle_t.cs' will not be compiled because it exists outside the Assets folder and does not to belong to any assembly definition file.
Mono: successfully reloaded assembly
- Finished resetting the current domain, in  1.175 seconds
Domain Reload Profiling: 1687ms
	BeginReloadAssembly (141ms)
		ExecutionOrderSort (0ms)
		DisableScriptedObjects (4ms)
		BackupInstance (0ms)
		ReleaseScriptingObjects (0ms)
		CreateAndSetChildDomain (33ms)
	RebuildCommonClasses (29ms)
	RebuildNativeTypeToScriptingClass (8ms)
	initialDomainReloadingComplete (31ms)
	LoadAllAssembliesAndSetupDomain (302ms)
		LoadAssemblies (337ms)
		RebuildTransferFunctionScriptingTraits (0ms)
		AnalyzeDomain (40ms)
			TypeCache.Refresh (12ms)
				TypeCache.ScanAssembly (2ms)
			ScanForSourceGeneratedMonoScriptInfo (19ms)
			ResolveRequiredComponents (7ms)
	FinalizeReload (1176ms)
		ReleaseScriptCaches (0ms)
		RebuildScriptCaches (0ms)
		SetupLoadedEditorAssemblies (641ms)
			LogAssemblyErrors (0ms)
			InitializePlatformSupportModulesInManaged (11ms)
			SetLoadedEditorAssemblies (3ms)
			RefreshPlugins (0ms)
			BeforeProcessingInitializeOnLoad (87ms)
			ProcessInitializeOnLoadAttributes (502ms)
			ProcessInitializeOnLoadMethodAttributes (30ms)
			AfterProcessingInitializeOnLoad (8ms)
			EditorAssembliesLoaded (0ms)
		ExecutionOrderSort2 (0ms)
		AwakeInstancesAfterBackupRestoration (7ms)
Refreshing native plugins compatible for Editor in 21.68 ms, found 8 plugins.
Preloading 0 native plugins for Editor in 0.00 ms.
Unloading 4457 Unused Serialized files (Serialized files now loaded: 0)
Unloading 29 unused Assets / (34.3 KB). Loaded Objects now: 5101.
Memory consumption went from 149.0 MB to 148.9 MB.
Total: 5.168000 ms (FindLiveObjects: 0.347300 ms CreateObjectMapping: 0.258000 ms MarkObjects: 4.473800 ms  DeleteObjects: 0.087100 ms)

Prepare: number of updated asset objects reloaded= 0
AssetImportParameters requested are different than current active one (requested -> active):
  custom:container-demuxer-ogg: 62fdf1f143b41e24485cea50d1cbac27 -> 
  custom:video-codec-MediaFoundation-h265: 746d11721c4dcdbdad8f713fa42b33f4 -> 
  custom:video-decoder-ogg-theora: a1e56fd34408186e4bbccfd4996cb3dc -> 
  custom:framework-win-MediaFoundation: 216162199b28c13a410421893ffa2e32 -> 
  custom:CustomObjectIndexerAttribute: 9a22284fe3817be447336de3de66b15e -> 
  custom:container-demuxer-webm: 4f35f7cbe854078d1ac9338744f61a02 -> 
  custom:container-muxer-webm: aa71ff27fc2769a1b78a27578f13a17b -> 
  custom:video-decoder-webm-vp8: 9c59270c3fd7afecdb556c50c9e8de78 -> 
  custom:SearchIndexIgnoredProperties: e643bd26f0fe6173181afceb89e7c659 -> 
  custom:AudioImporter_EditorPlatform: d09bf68614088b80899f8185d706f6e7 -> 
  custom:scripting/monoscript/fileName/MeniuSchimbare.cs: dbf707465d583b22c6bc12ce0c338f60 -> 
  custom:video-encoder-webm-vp8: eb34c28f22e8b96e1ab97ce403110664 -> 
  custom:audio-decoder-ogg-vorbis: bf7c407c2cedff20999df2af8eb42d56 -> 
  custom:audio-encoder-webm-vorbis: bf7c407c2cedff20999df2af8eb42d56 -> 
  custom:scripting/precompiled-assembly-types:Assembly-CSharp: de9203532def91cef448d6ba415bf80e -> bf690c30d0eb984383641cab4c97498c
========================================================================
Received Prepare
Script 'Packages/com.rlabrecque.steamworks.net/Runtime/types/SteamTimeline/TimelineEventHandle_t.cs' will not be compiled because it exists outside the Assets folder and does not to belong to any assembly definition file.
Caller must complete domain reload
Script 'Packages/com.rlabrecque.steamworks.net/Runtime/types/SteamTimeline/TimelineEventHandle_t.cs' will not be compiled because it exists outside the Assets folder and does not to belong to any assembly definition file.
Begin MonoManager ReloadAssembly
- Loaded All Assemblies, in  0.633 seconds
Native extension for WindowsStandalone target not found
Native extension for WebGL target not found
Script 'Packages/com.rlabrecque.steamworks.net/Runtime/types/SteamTimeline/TimelineEventHandle_t.cs' will not be compiled because it exists outside the Assets folder and does not to belong to any assembly definition file.
Mono: successfully reloaded assembly
- Finished resetting the current domain, in  1.094 seconds
Domain Reload Profiling: 1722ms
	BeginReloadAssembly (181ms)
		ExecutionOrderSort (0ms)
		DisableScriptedObjects (4ms)
		BackupInstance (0ms)
		ReleaseScriptingObjects (0ms)
		CreateAndSetChildDomain (37ms)
	RebuildCommonClasses (45ms)
	RebuildNativeTypeToScriptingClass (12ms)
	initialDomainReloadingComplete (47ms)
	LoadAllAssembliesAndSetupDomain (343ms)
		LoadAssemblies (430ms)
		RebuildTransferFunctionScriptingTraits (0ms)
		AnalyzeDomain (23ms)
			TypeCache.Refresh (7ms)
				TypeCache.ScanAssembly (0ms)
			ScanForSourceGeneratedMonoScriptInfo (0ms)
			ResolveRequiredComponents (13ms)
	FinalizeReload (1094ms)
		ReleaseScriptCaches (0ms)
		RebuildScriptCaches (0ms)
		SetupLoadedEditorAssemblies (578ms)
			LogAssemblyErrors (0ms)
			InitializePlatformSupportModulesInManaged (7ms)
			SetLoadedEditorAssemblies (3ms)
			RefreshPlugins (0ms)
			BeforeProcessingInitializeOnLoad (62ms)
			ProcessInitializeOnLoadAttributes (476ms)
			ProcessInitializeOnLoadMethodAttributes (21ms)
			AfterProcessingInitializeOnLoad (8ms)
			EditorAssembliesLoaded (0ms)
		ExecutionOrderSort2 (0ms)
		AwakeInstancesAfterBackupRestoration (15ms)
Refreshing native plugins compatible for Editor in 30.04 ms, found 8 plugins.
Preloading 0 native plugins for Editor in 0.00 ms.
Unloading 4457 Unused Serialized files (Serialized files now loaded: 0)
Unloading 29 unused Assets / (33.2 KB). Loaded Objects now: 5104.
Memory consumption went from 149.0 MB to 149.0 MB.
Total: 10.532300 ms (FindLiveObjects: 4.023400 ms CreateObjectMapping: 1.351100 ms MarkObjects: 5.082200 ms  DeleteObjects: 0.073900 ms)

Prepare: number of updated asset objects reloaded= 0
AssetImportParameters requested are different than current active one (requested -> active):
  custom:container-demuxer-ogg: 62fdf1f143b41e24485cea50d1cbac27 -> 
  custom:video-codec-MediaFoundation-h265: 746d11721c4dcdbdad8f713fa42b33f4 -> 
  custom:video-decoder-ogg-theora: a1e56fd34408186e4bbccfd4996cb3dc -> 
  custom:framework-win-MediaFoundation: 216162199b28c13a410421893ffa2e32 -> 
  custom:CustomObjectIndexerAttribute: 9a22284fe3817be447336de3de66b15e -> 
  custom:container-demuxer-webm: 4f35f7cbe854078d1ac9338744f61a02 -> 
  custom:container-muxer-webm: aa71ff27fc2769a1b78a27578f13a17b -> 
  custom:video-decoder-webm-vp8: 9c59270c3fd7afecdb556c50c9e8de78 -> 
  custom:SearchIndexIgnoredProperties: e643bd26f0fe6173181afceb89e7c659 -> 
  custom:AudioImporter_EditorPlatform: d09bf68614088b80899f8185d706f6e7 -> 
  custom:scripting/monoscript/fileName/MeniuSchimbare.cs: dbf707465d583b22c6bc12ce0c338f60 -> 
  custom:video-encoder-webm-vp8: eb34c28f22e8b96e1ab97ce403110664 -> 
  custom:audio-decoder-ogg-vorbis: bf7c407c2cedff20999df2af8eb42d56 -> 
  custom:audio-encoder-webm-vorbis: bf7c407c2cedff20999df2af8eb42d56 -> 
  custom:scripting/precompiled-assembly-types:Assembly-CSharp: de9203532def91cef448d6ba415bf80e -> bf690c30d0eb984383641cab4c97498c
